downtime_id,date_key,date,downtime_start_ts,downtime_end_ts,start_hour,reported_duration_minutes,calculated_duration_minutes,duration_variance_seconds,duration_band
downtime_1248,20220113,2022-01-13T00:00:00,2022-01-13T14:32:39,2022-01-13T14:37:54,14,5.250649999999999,5.250649999999999,0.0,5–15 min
downtime_1249,20220113,2022-01-13T00:00:00,2022-01-13T14:49:54,2022-01-13T14:51:54,14,1.99955,1.99955,0.0,1–5 min
downtime_1250,20220113,2022-01-13T00:00:00,2022-01-13T15:02:39,2022-01-13T15:04:09,15,1.4993,1.4993,0.0,1–5 min
downtime_1251,20220113,2022-01-13T00:00:00,2022-01-13T15:10:39,2022-01-13T15:13:09,15,2.49975,2.49975,0.0,1–5 min
downtime_1252,20220113,2022-01-13T00:00:00,2022-01-13T15:15:24,2022-01-13T15:16:39,15,1.2501,1.2501,0.0,1–5 min
downtime_1253,20220113,2022-01-13T00:00:00,2022-01-13T15:18:39,2022-01-13T15:22:09,15,3.499816666666667,3.499816666666667,0.0,1–5 min
downtime_1254,20220113,2022-01-13T00:00:00,2022-01-13T15:38:39,2022-01-13T15:46:09,15,7.499916666666667,7.499916666666667,0.0,5–15 min
downtime_1255,20220113,2022-01-13T00:00:00,2022-01-13T15:49:09,2022-01-13T15:52:09,15,3.0001166666666665,3.0001166666666665,0.0,1–5 min
downtime_1256,20220113,2022-01-13T00:00:00,2022-01-13T15:53:09,2022-01-13T15:54:24,15,1.25005,1.25005,0.0,1–5 min
downtime_1257,20220113,2022-01-13T00:00:00,2022-01-13T16:01:54,2022-01-13T16:05:39,16,3.7503,3.7503,0.0,1–5 min
downtime_1258,20220113,2022-01-13T00:00:00,2022-01-13T16:06:39,2022-01-13T16:09:12,16,2.54065,2.54065,0.0,1–5 min
downtime_1259,20220113,2022-01-13T00:00:00,2022-01-13T16:10:09,2022-01-13T16:12:09,16,2.000166666666667,2.000166666666667,0.0,1–5 min
downtime_1260,20220113,2022-01-13T00:00:00,2022-01-13T16:13:09,2022-01-13T16:14:39,16,1.5000333333333333,1.5000333333333333,0.0,1–5 min
downtime_1261,20220113,2022-01-13T00:00:00,2022-01-13T16:16:09,2022-01-13T16:18:39,16,2.500183333333333,2.500183333333333,0.0,1–5 min
downtime_1262,20220113,2022-01-13T00:00:00,2022-01-13T16:21:24,2022-01-13T16:23:24,16,1.9983333333333335,1.9983333333333335,0.0,1–5 min
downtime_1263,20220113,2022-01-13T00:00:00,2022-01-13T16:26:39,2022-01-13T16:27:39,16,1.0001833333333334,1.0001833333333334,0.0,1–5 min
downtime_1264,20220113,2022-01-13T00:00:00,2022-01-13T16:29:09,2022-01-13T16:30:39,16,1.50005,1.50005,0.0,1–5 min
downtime_1265,20220113,2022-01-13T00:00:00,2022-01-13T16:32:09,2022-01-13T16:42:54,16,10.751233333333333,10.751233333333333,0.0,5–15 min
downtime_001,20220722,2022-07-22T00:00:00,2022-07-22T11:58:03,2022-07-22T12:01:33,11,3.500716666666667,3.500716666666667,0.0,1–5 min
downtime_002,20220722,2022-07-22T00:00:00,2022-07-22T12:01:48,2022-07-22T12:07:48,12,6.0001500000000005,6.0001500000000005,0.0,5–15 min
downtime_003,20220722,2022-07-22T00:00:00,2022-07-22T12:08:03,2022-07-22T12:09:18,12,1.25005,1.25005,0.0,1–5 min
downtime_004,20220722,2022-07-22T00:00:00,2022-07-22T12:09:33,2022-07-22T12:10:03,12,0.4998666666666667,0.4998666666666667,0.0,<1 min
downtime_005,20220722,2022-07-22T00:00:00,2022-07-22T12:10:18,2022-07-22T12:12:03,12,1.7505833333333334,1.7505833333333334,0.0,1–5 min
downtime_006,20220722,2022-07-22T00:00:00,2022-07-22T12:12:33,2022-07-22T12:16:03,12,3.5004,3.5004,0.0,1–5 min
downtime_007,20220722,2022-07-22T00:00:00,2022-07-22T12:16:33,2022-07-22T12:17:03,12,0.49951666666666666,0.49951666666666666,0.0,<1 min
downtime_008,20220722,2022-07-22T00:00:00,2022-07-22T12:18:33,2022-07-22T12:20:48,12,2.2502,2.2502,0.0,1–5 min
downtime_009,20220722,2022-07-22T00:00:00,2022-07-22T12:21:33,2022-07-22T12:22:48,12,1.25075,1.25075,0.0,1–5 min
downtime_010,20220722,2022-07-22T00:00:00,2022-07-22T12:24:18,2022-07-22T12:24:48,12,0.4998666666666667,0.4998666666666667,0.0,<1 min
downtime_011,20220722,2022-07-22T00:00:00,2022-07-22T12:26:18,2022-07-22T12:26:48,12,0.4998166666666667,0.4998166666666667,0.0,<1 min
downtime_012,20220722,2022-07-22T00:00:00,2022-07-22T12:27:48,2022-07-22T12:28:33,12,0.7505333333333333,0.7505333333333333,0.0,<1 min
downtime_013,20220722,2022-07-22T00:00:00,2022-07-22T12:36:33,2022-07-22T12:37:48,12,1.2500833333333332,1.2500833333333332,0.0,1–5 min
downtime_014,20220722,2022-07-22T00:00:00,2022-07-22T12:41:33,2022-07-22T12:43:33,12,1.9998666666666667,1.9998666666666667,0.0,1–5 min
downtime_015,20220722,2022-07-22T00:00:00,2022-07-22T12:48:03,2022-07-22T12:49:03,12,1.0003666666666666,1.0003666666666666,0.0,1–5 min
downtime_016,20220722,2022-07-22T00:00:00,2022-07-22T12:51:03,2022-07-22T12:53:18,12,2.2504333333333335,2.2504333333333335,0.0,1–5 min
downtime_017,20220722,2022-07-22T00:00:00,2022-07-22T12:59:18,2022-07-22T13:00:48,12,1.50065,1.50065,0.0,1–5 min
downtime_018,20220722,2022-07-22T00:00:00,2022-07-22T13:01:03,2022-07-22T13:03:48,13,2.75025,2.75025,0.0,1–5 min
downtime_019,20220722,2022-07-22T00:00:00,2022-07-22T13:04:18,2022-07-22T13:55:19,13,51.00288333333333,51.00288333333333,0.0,15–60 min
downtime_020,20220722,2022-07-22T00:00:00,2022-07-22T15:02:38,2022-07-22T15:03:23,15,0.7500333333333333,0.7500333333333333,0.0,<1 min
downtime_021,20220722,2022-07-22T00:00:00,2022-07-22T15:03:38,2022-07-22T15:04:53,15,1.25015,1.25015,0.0,1–5 min
downtime_022,20220722,2022-07-22T00:00:00,2022-07-22T15:05:08,2022-07-22T15:07:08,15,2.0000166666666668,2.0000166666666668,0.0,1–5 min
downtime_023,20220722,2022-07-22T00:00:00,2022-07-22T15:11:38,2022-07-22T15:12:23,15,0.7498666666666666,0.7498666666666666,0.0,<1 min
downtime_024,20220722,2022-07-22T00:00:00,2022-07-22T15:13:38,2022-07-22T15:15:08,15,1.4996,1.4996,0.0,1–5 min
downtime_025,20220722,2022-07-22T00:00:00,2022-07-22T15:15:38,2022-07-22T15:26:23,15,10.750516666666666,10.750516666666666,0.0,5–15 min
downtime_026,20220722,2022-07-22T00:00:00,2022-07-22T15:28:08,2022-07-22T15:28:53,15,0.7496666666666666,0.7496666666666666,0.0,<1 min
downtime_027,20220722,2022-07-22T00:00:00,2022-07-22T15:33:23,2022-07-22T15:35:53,15,2.4998666666666667,2.4998666666666667,0.0,1–5 min
downtime_028,20220722,2022-07-22T00:00:00,2022-07-22T15:40:08,2022-07-22T15:43:08,15,3.0002,3.0002,0.0,1–5 min
downtime_029,20220722,2022-07-22T00:00:00,2022-07-22T15:44:08,2022-07-22T15:44:38,15,0.5001333333333333,0.5001333333333333,0.0,<1 min
downtime_030,20220722,2022-07-22T00:00:00,2022-07-22T15:48:53,2022-07-22T15:53:53,15,5.0003166666666665,5.0003166666666665,0.0,5–15 min
downtime_031,20220722,2022-07-22T00:00:00,2022-07-22T15:58:08,2022-07-22T16:02:08,15,4.0004,4.0004,0.0,1–5 min
downtime_032,20220722,2022-07-22T00:00:00,2022-07-22T16:05:38,2022-07-22T16:06:53,16,1.2503,1.2503,0.0,1–5 min
downtime_033,20220722,2022-07-22T00:00:00,2022-07-22T16:07:23,2022-07-22T16:10:08,16,2.7501333333333333,2.7501333333333333,0.0,1–5 min
downtime_034,20220722,2022-07-22T00:00:00,2022-07-22T16:12:53,2022-07-22T16:13:38,16,0.7502666666666666,0.7502666666666666,0.0,<1 min
downtime_035,20220722,2022-07-22T00:00:00,2022-07-22T16:19:53,2022-07-22T16:20:23,16,0.5002333333333333,0.5002333333333333,0.0,<1 min
downtime_036,20220722,2022-07-22T00:00:00,2022-07-22T16:21:08,2022-07-22T16:21:53,16,0.7497833333333334,0.7497833333333334,0.0,<1 min
downtime_037,20220722,2022-07-22T00:00:00,2022-07-22T16:25:38,2022-07-22T16:29:38,16,4.0001,4.0001,0.0,1–5 min
downtime_038,20220722,2022-07-22T00:00:00,2022-07-22T16:35:38,2022-07-22T16:36:23,16,0.7502833333333334,0.7502833333333334,0.0,<1 min
downtime_039,20220722,2022-07-22T00:00:00,2022-07-22T16:39:08,2022-07-22T16:39:38,16,0.5002,0.5002,0.0,<1 min
downtime_040,20220722,2022-07-22T00:00:00,2022-07-22T16:45:38,2022-07-22T16:46:08,16,0.50005,0.50005,0.0,<1 min
downtime_041,20220722,2022-07-22T00:00:00,2022-07-22T16:46:23,2022-07-22T16:47:23,16,1.0000333333333333,1.0000333333333333,0.0,1–5 min
downtime_042,20220722,2022-07-22T00:00:00,2022-07-22T16:52:08,2022-07-22T16:53:24,16,1.2537999999999998,1.2537999999999998,0.0,1–5 min
downtime_043,20220722,2022-07-22T00:00:00,2022-07-22T16:53:38,2022-07-22T16:54:08,16,0.5006166666666666,0.5006166666666666,0.0,<1 min
downtime_044,20220722,2022-07-22T00:00:00,2022-07-22T16:58:08,2022-07-22T16:58:53,16,0.7495499999999999,0.7495499999999999,0.0,<1 min
downtime_045,20220722,2022-07-22T00:00:00,2022-07-22T16:59:23,2022-07-22T17:04:53,16,5.500216666666666,5.500216666666666,0.0,5–15 min
downtime_046,20220722,2022-07-22T00:00:00,2022-07-22T17:10:38,2022-07-22T17:12:53,17,2.2501,2.2501,0.0,1–5 min
downtime_047,20220722,2022-07-22T00:00:00,2022-07-22T17:13:53,2022-07-22T17:14:23,17,0.5000166666666667,0.5000166666666667,0.0,<1 min
downtime_048,20220722,2022-07-22T00:00:00,2022-07-22T17:16:38,2022-07-22T17:18:23,17,1.7500333333333333,1.7500333333333333,0.0,1–5 min
downtime_049,20220722,2022-07-22T00:00:00,2022-07-22T17:22:09,2022-07-22T17:25:54,17,3.750183333333333,3.750183333333333,0.0,1–5 min
downtime_050,20220722,2022-07-22T00:00:00,2022-07-22T17:27:09,2022-07-22T17:27:39,17,0.5004666666666666,0.5004666666666666,0.0,<1 min
downtime_051,20220722,2022-07-22T00:00:00,2022-07-22T17:29:54,2022-07-22T17:32:24,17,2.4996666666666667,2.4996666666666667,0.0,1–5 min
downtime_052,20220722,2022-07-22T00:00:00,2022-07-22T17:33:24,2022-07-22T17:35:24,17,2.00075,2.00075,0.0,1–5 min
downtime_053,20220722,2022-07-22T00:00:00,2022-07-22T17:39:24,2022-07-22T17:40:54,17,1.4995666666666667,1.4995666666666667,0.0,1–5 min
downtime_054,20220722,2022-07-22T00:00:00,2022-07-22T17:44:39,2022-07-22T17:47:39,17,3.0001333333333333,3.0001333333333333,0.0,1–5 min
downtime_055,20220722,2022-07-22T00:00:00,2022-07-22T17:51:24,2022-07-22T17:55:24,17,3.9999666666666664,3.9999666666666664,0.0,1–5 min
downtime_056,20220722,2022-07-22T00:00:00,2022-07-22T17:59:09,2022-07-22T18:02:54,17,3.7505499999999996,3.7505499999999996,0.0,1–5 min
downtime_057,20220722,2022-07-22T00:00:00,2022-07-22T18:06:39,2022-07-22T18:10:39,18,4.000133333333333,4.000133333333333,0.0,1–5 min
downtime_058,20220722,2022-07-22T00:00:00,2022-07-22T18:14:24,2022-07-22T18:18:09,18,3.74995,3.74995,0.0,1–5 min
downtime_059,20220722,2022-07-22T00:00:00,2022-07-22T18:22:09,2022-07-22T18:23:09,18,0.99995,0.99995,0.0,<1 min
downtime_060,20220722,2022-07-22T00:00:00,2022-07-22T18:23:39,2022-07-22T18:25:39,18,1.9994333333333332,1.9994333333333332,0.0,1–5 min
downtime_061,20220722,2022-07-22T00:00:00,2022-07-22T18:29:39,2022-07-22T18:33:24,18,3.7510499999999998,3.7510499999999998,0.0,1–5 min
downtime_062,20220722,2022-07-22T00:00:00,2022-07-22T18:34:24,2022-07-22T18:34:54,18,0.50025,0.50025,0.0,<1 min
downtime_063,20220722,2022-07-22T00:00:00,2022-07-22T18:37:09,2022-07-22T18:39:09,18,2.0000666666666667,2.0000666666666667,0.0,1–5 min
downtime_064,20220722,2022-07-22T00:00:00,2022-07-22T18:41:24,2022-07-22T18:48:39,18,7.251099999999999,7.251099999999999,0.0,5–15 min
downtime_065,20220722,2022-07-22T00:00:00,2022-07-22T19:59:09,2022-07-22T20:01:09,19,1.9999833333333332,1.9999833333333332,0.0,1–5 min
downtime_066,20220722,2022-07-22T00:00:00,2022-07-22T20:02:24,2022-07-22T20:04:09,20,1.7502666666666669,1.7502666666666669,0.0,1–5 min
downtime_067,20220722,2022-07-22T00:00:00,2022-07-22T20:06:39,2022-07-22T20:10:09,20,3.5001166666666665,3.5001166666666665,0.0,1–5 min
downtime_068,20220722,2022-07-22T00:00:00,2022-07-22T20:11:24,2022-07-22T20:19:24,20,8.000083333333333,8.000083333333333,0.0,5–15 min
downtime_069,20220722,2022-07-22T00:00:00,2022-07-22T20:20:24,2022-07-22T20:21:09,20,0.7499666666666667,0.7499666666666667,0.0,<1 min
downtime_070,20220722,2022-07-22T00:00:00,2022-07-22T20:25:09,2022-07-22T20:59:24,20,34.25058333333333,34.25058333333333,0.0,15–60 min
downtime_071,20220726,2022-07-26T00:00:00,2022-07-26T09:03:44,2022-07-26T09:51:44,9,48.00221666666666,48.00221666666666,0.0,15–60 min
downtime_072,20220726,2022-07-26T00:00:00,2022-07-26T09:53:44,2022-07-26T10:18:14,9,24.501166666666666,24.501166666666666,0.0,15–60 min
downtime_073,20220726,2022-07-26T00:00:00,2022-07-26T10:19:14,2022-07-26T13:17:29,10,178.25835,178.25835,0.0,60+ min
downtime_074,20220726,2022-07-26T00:00:00,2022-07-26T13:18:59,2022-07-26T13:22:44,13,3.7500833333333334,3.7500833333333334,0.0,1–5 min
downtime_075,20220726,2022-07-26T00:00:00,2022-07-26T13:24:44,2022-07-26T13:26:44,13,2.0001166666666665,2.0001166666666665,0.0,1–5 min
downtime_076,20220726,2022-07-26T00:00:00,2022-07-26T13:29:14,2022-07-26T13:31:44,13,2.5001,2.5001,0.0,1–5 min
downtime_077,20220726,2022-07-26T00:00:00,2022-07-26T13:34:44,2022-07-26T13:35:44,13,0.9995999999999999,0.9995999999999999,0.0,<1 min
downtime_078,20220726,2022-07-26T00:00:00,2022-07-26T13:38:14,2022-07-26T13:41:44,13,3.500516666666667,3.500516666666667,0.0,1–5 min
downtime_079,20220726,2022-07-26T00:00:00,2022-07-26T13:44:29,2022-07-26T13:46:14,13,1.7500833333333332,1.7500833333333332,0.0,1–5 min
downtime_080,20220726,2022-07-26T00:00:00,2022-07-26T13:48:44,2022-07-26T13:51:29,13,2.74995,2.74995,0.0,1–5 min
downtime_081,20220726,2022-07-26T00:00:00,2022-07-26T13:53:59,2022-07-26T13:56:44,13,2.7499333333333333,2.7499333333333333,0.0,1–5 min
downtime_082,20220726,2022-07-26T00:00:00,2022-07-26T13:58:59,2022-07-26T14:01:29,13,2.5001333333333333,2.5001333333333333,0.0,1–5 min
downtime_083,20220726,2022-07-26T00:00:00,2022-07-26T14:03:59,2022-07-26T14:07:14,14,3.2500833333333334,3.2500833333333334,0.0,1–5 min
downtime_084,20220726,2022-07-26T00:00:00,2022-07-26T14:09:59,2022-07-26T14:12:29,14,2.5001333333333333,2.5001333333333333,0.0,1–5 min
downtime_085,20220726,2022-07-26T00:00:00,2022-07-26T14:14:59,2022-07-26T14:17:59,14,3.0000666666666667,3.0000666666666667,0.0,1–5 min
downtime_086,20220726,2022-07-26T00:00:00,2022-07-26T14:23:45,2022-07-26T15:18:15,14,54.50306666666667,54.50306666666667,0.0,15–60 min
downtime_087,20220726,2022-07-26T00:00:00,2022-07-26T15:23:00,2022-07-26T15:25:45,15,2.75005,2.75005,0.0,1–5 min
downtime_088,20220726,2022-07-26T00:00:00,2022-07-26T15:27:30,2022-07-26T15:28:00,15,0.5003833333333333,0.5003833333333333,0.0,<1 min
downtime_089,20220726,2022-07-26T00:00:00,2022-07-26T15:32:00,2022-07-26T15:32:30,15,0.5002833333333333,0.5002833333333333,0.0,<1 min
downtime_090,20220726,2022-07-26T00:00:00,2022-07-26T15:35:00,2022-07-26T15:36:00,15,0.9999666666666667,0.9999666666666667,0.0,<1 min
downtime_091,20220726,2022-07-26T00:00:00,2022-07-26T15:38:45,2022-07-26T15:40:00,15,1.24965,1.24965,0.0,1–5 min
downtime_092,20220726,2022-07-26T00:00:00,2022-07-26T15:42:45,2022-07-26T15:44:15,15,1.50005,1.50005,0.0,1–5 min
downtime_093,20220726,2022-07-26T00:00:00,2022-07-26T15:47:15,2022-07-26T15:48:15,15,1.0001166666666665,1.0001166666666665,0.0,1–5 min
downtime_094,20220726,2022-07-26T00:00:00,2022-07-26T15:54:30,2022-07-26T15:57:00,15,2.5001333333333333,2.5001333333333333,0.0,1–5 min
downtime_095,20220726,2022-07-26T00:00:00,2022-07-26T16:00:00,2022-07-26T16:01:45,16,1.7504833333333332,1.7504833333333332,0.0,1–5 min
downtime_096,20220726,2022-07-26T00:00:00,2022-07-26T16:04:30,2022-07-26T16:06:45,16,2.25005,2.25005,0.0,1–5 min
downtime_097,20220726,2022-07-26T00:00:00,2022-07-26T16:12:15,2022-07-26T16:13:30,16,1.2498666666666667,1.2498666666666667,0.0,1–5 min
downtime_098,20220726,2022-07-26T00:00:00,2022-07-26T16:16:00,2022-07-26T16:17:45,16,1.7504833333333332,1.7504833333333332,0.0,1–5 min
downtime_099,20220726,2022-07-26T00:00:00,2022-07-26T16:20:30,2022-07-26T16:22:00,16,1.5006,1.5006,0.0,1–5 min
downtime_100,20220726,2022-07-26T00:00:00,2022-07-26T16:25:30,2022-07-26T16:27:30,16,2.0,2.0,0.0,1–5 min
downtime_101,20220726,2022-07-26T00:00:00,2022-07-26T16:30:00,2022-07-26T16:31:00,16,1.0002833333333334,1.0002833333333334,0.0,1–5 min
downtime_102,20220726,2022-07-26T00:00:00,2022-07-26T16:32:45,2022-07-26T16:36:00,16,3.2459,3.2459,0.0,1–5 min
downtime_103,20220726,2022-07-26T00:00:00,2022-07-26T16:41:00,2022-07-26T16:42:15,16,1.2502666666666669,1.2502666666666669,0.0,1–5 min
downtime_104,20220726,2022-07-26T00:00:00,2022-07-26T16:45:30,2022-07-26T16:47:15,16,1.7500666666666667,1.7500666666666667,0.0,1–5 min
downtime_105,20220726,2022-07-26T00:00:00,2022-07-26T16:50:30,2022-07-26T16:51:00,16,0.5000166666666667,0.5000166666666667,0.0,<1 min
downtime_106,20220726,2022-07-26T00:00:00,2022-07-26T16:53:30,2022-07-26T16:54:15,16,0.7497166666666666,0.7497166666666666,0.0,<1 min
downtime_107,20220726,2022-07-26T00:00:00,2022-07-26T16:57:00,2022-07-26T17:00:00,16,3.0001333333333333,3.0001333333333333,0.0,1–5 min
downtime_108,20220726,2022-07-26T00:00:00,2022-07-26T17:03:00,2022-07-26T17:05:45,17,2.750583333333333,2.750583333333333,0.0,1–5 min
downtime_109,20220726,2022-07-26T00:00:00,2022-07-26T17:08:45,2022-07-26T17:09:30,17,0.74995,0.74995,0.0,<1 min
downtime_110,20220726,2022-07-26T00:00:00,2022-07-26T17:14:00,2022-07-26T17:15:45,17,1.7504166666666667,1.7504166666666667,0.0,1–5 min
downtime_111,20220726,2022-07-26T00:00:00,2022-07-26T17:18:00,2022-07-26T17:20:30,17,2.5000833333333334,2.5000833333333334,0.0,1–5 min
downtime_112,20220726,2022-07-26T00:00:00,2022-07-26T17:25:15,2022-07-26T17:26:00,17,0.7498166666666666,0.7498166666666666,0.0,<1 min
downtime_113,20220726,2022-07-26T00:00:00,2022-07-26T17:28:30,2022-07-26T17:30:45,17,2.2502833333333334,2.2502833333333334,0.0,1–5 min
downtime_114,20220726,2022-07-26T00:00:00,2022-07-26T17:33:45,2022-07-26T17:35:00,17,1.2497666666666667,1.2497666666666667,0.0,1–5 min
downtime_115,20220726,2022-07-26T00:00:00,2022-07-26T17:37:45,2022-07-26T17:39:15,17,1.5001833333333332,1.5001833333333332,0.0,1–5 min
downtime_116,20220726,2022-07-26T00:00:00,2022-07-26T17:42:00,2022-07-26T17:46:15,17,4.250666666666667,4.250666666666667,0.0,1–5 min
downtime_117,20220726,2022-07-26T00:00:00,2022-07-26T17:48:00,2022-07-26T18:03:15,17,15.250833333333333,15.250833333333333,0.0,15–60 min
downtime_118,20220726,2022-07-26T00:00:00,2022-07-26T18:05:00,2022-07-26T18:06:30,18,1.5,1.5,0.0,1–5 min
downtime_119,20220726,2022-07-26T00:00:00,2022-07-26T18:07:00,2022-07-26T18:09:15,18,2.2501166666666665,2.2501166666666665,0.0,1–5 min
downtime_120,20220726,2022-07-26T00:00:00,2022-07-26T18:10:30,2022-07-26T18:15:45,18,5.250249999999999,5.250249999999999,0.0,5–15 min
downtime_121,20220801,2022-08-01T00:00:00,2022-08-01T14:33:06,2022-08-01T14:33:51,14,0.7500333333333333,0.7500333333333333,0.0,<1 min
downtime_122,20220801,2022-08-01T00:00:00,2022-08-01T14:38:51,2022-08-01T14:40:51,14,2.000583333333333,2.000583333333333,0.0,1–5 min
downtime_123,20220801,2022-08-01T00:00:00,2022-08-01T14:43:36,2022-08-01T14:44:06,14,0.5003333333333333,0.5003333333333333,0.0,<1 min
downtime_124,20220801,2022-08-01T00:00:00,2022-08-01T14:48:06,2022-08-01T15:11:17,14,23.188699999999997,23.188699999999997,0.0,15–60 min
downtime_125,20220801,2022-08-01T00:00:00,2022-08-01T15:12:47,2022-08-01T15:14:02,15,1.25,1.25,0.0,1–5 min
downtime_126,20220801,2022-08-01T00:00:00,2022-08-01T15:15:02,2022-08-01T16:28:47,15,73.75735,73.75735,0.0,60+ min
downtime_127,20220801,2022-08-01T00:00:00,2022-08-01T16:32:47,2022-08-01T16:33:17,16,0.5001166666666667,0.5001166666666667,0.0,<1 min
downtime_128,20220801,2022-08-01T00:00:00,2022-08-01T16:34:02,2022-08-01T16:36:47,16,2.7498500000000003,2.7498500000000003,0.0,1–5 min
downtime_129,20220801,2022-08-01T00:00:00,2022-08-01T16:39:32,2022-08-01T16:42:17,16,2.7503333333333333,2.7503333333333333,0.0,1–5 min
downtime_130,20220801,2022-08-01T00:00:00,2022-08-01T16:42:47,2022-08-01T16:43:17,16,0.50005,0.50005,0.0,<1 min
downtime_131,20220801,2022-08-01T00:00:00,2022-08-01T16:46:32,2022-08-01T16:54:17,16,7.750366666666666,7.750366666666666,0.0,5–15 min
downtime_132,20220801,2022-08-01T00:00:00,2022-08-01T16:56:02,2022-08-01T16:57:02,16,1.0001333333333333,1.0001333333333333,0.0,1–5 min
downtime_133,20220801,2022-08-01T00:00:00,2022-08-01T17:06:02,2022-08-01T17:07:47,17,1.7500666666666667,1.7500666666666667,0.0,1–5 min
downtime_134,20220801,2022-08-01T00:00:00,2022-08-01T17:09:17,2022-08-01T17:16:02,17,6.74995,6.74995,0.0,5–15 min
downtime_135,20220801,2022-08-01T00:00:00,2022-08-01T17:25:18,2022-08-01T17:27:48,17,2.4938333333333333,2.4938333333333333,0.0,1–5 min
downtime_136,20220801,2022-08-01T00:00:00,2022-08-01T17:28:33,2022-08-01T17:30:18,17,1.74995,1.74995,0.0,1–5 min
downtime_137,20220801,2022-08-01T00:00:00,2022-08-01T17:33:58,2022-08-01T18:00:13,17,26.251199999999997,26.251199999999997,0.0,15–60 min
downtime_138,20220804,2022-08-04T00:00:00,2022-08-04T10:33:35,2022-08-04T10:37:35,10,4.000266666666667,4.000266666666667,0.0,1–5 min
downtime_139,20220804,2022-08-04T00:00:00,2022-08-04T11:19:21,2022-08-04T11:22:36,11,3.2495333333333334,3.2495333333333334,0.0,1–5 min
downtime_140,20220804,2022-08-04T00:00:00,2022-08-04T11:25:36,2022-08-04T11:28:21,11,2.7507499999999996,2.7507499999999996,0.0,1–5 min
downtime_141,20220804,2022-08-04T00:00:00,2022-08-04T11:29:21,2022-08-04T11:30:21,11,1.0001166666666665,1.0001166666666665,0.0,1–5 min
downtime_142,20220804,2022-08-04T00:00:00,2022-08-04T11:34:06,2022-08-04T11:35:36,11,1.5006166666666667,1.5006166666666667,0.0,1–5 min
downtime_143,20220804,2022-08-04T00:00:00,2022-08-04T11:42:06,2022-08-04T11:43:06,11,0.9999333333333333,0.9999333333333333,0.0,<1 min
downtime_144,20220804,2022-08-04T00:00:00,2022-08-04T11:54:36,2022-08-04T11:55:21,11,0.7502166666666666,0.7502166666666666,0.0,<1 min
downtime_145,20220804,2022-08-04T00:00:00,2022-08-04T11:59:21,2022-08-04T12:00:21,11,0.9998166666666666,0.9998166666666666,0.0,<1 min
downtime_146,20220804,2022-08-04T00:00:00,2022-08-04T12:06:51,2022-08-04T12:07:51,12,1.0007833333333334,1.0007833333333334,0.0,1–5 min
downtime_147,20220804,2022-08-04T00:00:00,2022-08-04T12:10:21,2022-08-04T12:14:51,12,4.500283333333333,4.500283333333333,0.0,1–5 min
downtime_148,20220804,2022-08-04T00:00:00,2022-08-04T12:17:06,2022-08-04T12:27:51,12,10.750300000000001,10.750300000000001,0.0,5–15 min
downtime_149,20220804,2022-08-04T00:00:00,2022-08-04T15:45:04,2022-08-04T15:46:04,15,1.0000333333333333,1.0000333333333333,0.0,1–5 min
downtime_150,20220804,2022-08-04T00:00:00,2022-08-04T15:53:19,2022-08-04T15:54:19,15,0.9997333333333334,0.9997333333333334,0.0,<1 min
downtime_151,20220804,2022-08-04T00:00:00,2022-08-04T15:55:04,2022-08-04T15:56:04,15,1.0079,1.0079,0.0,1–5 min
downtime_152,20220804,2022-08-04T00:00:00,2022-08-04T16:00:04,2022-08-04T16:22:49,16,22.75095,22.75095,0.0,15–60 min
downtime_153,20220902,2022-09-02T00:00:00,2022-09-02T11:46:05,2022-09-02T11:46:50,11,0.7499833333333333,0.7499833333333333,0.0,<1 min
downtime_154,20220902,2022-09-02T00:00:00,2022-09-02T11:48:05,2022-09-02T11:48:50,11,0.74975,0.74975,0.0,<1 min
downtime_155,20220902,2022-09-02T00:00:00,2022-09-02T11:49:35,2022-09-02T11:51:05,11,1.5000666666666667,1.5000666666666667,0.0,1–5 min
downtime_156,20220902,2022-09-02T00:00:00,2022-09-02T11:52:50,2022-09-02T11:55:50,11,3.0001666666666664,3.0001666666666664,0.0,1–5 min
downtime_157,20220902,2022-09-02T00:00:00,2022-09-02T11:57:20,2022-09-02T11:58:20,11,1.0000666666666667,1.0000666666666667,0.0,1–5 min
downtime_158,20220902,2022-09-02T00:00:00,2022-09-02T12:00:35,2022-09-02T12:02:05,12,1.50005,1.50005,0.0,1–5 min
downtime_159,20220902,2022-09-02T00:00:00,2022-09-02T12:03:05,2022-09-02T12:04:35,12,1.5000333333333333,1.5000333333333333,0.0,1–5 min
downtime_160,20220902,2022-09-02T00:00:00,2022-09-02T12:05:51,2022-09-02T12:08:50,12,2.997783333333333,2.997783333333333,0.0,1–5 min
downtime_161,20220902,2022-09-02T00:00:00,2022-09-02T12:12:35,2022-09-02T12:19:06,12,6.5008,6.5008,0.0,5–15 min
downtime_162,20220902,2022-09-02T00:00:00,2022-09-02T12:21:36,2022-09-02T14:22:51,12,121.2523,121.2523,0.0,60+ min
downtime_163,20220902,2022-09-02T00:00:00,2022-09-02T14:23:51,2022-09-02T14:24:51,14,1.00015,1.00015,0.0,1–5 min
downtime_164,20220902,2022-09-02T00:00:00,2022-09-02T14:25:51,2022-09-02T14:27:21,14,1.5,1.5,0.0,1–5 min
downtime_165,20220902,2022-09-02T00:00:00,2022-09-02T14:28:21,2022-09-02T14:29:51,14,1.5,1.5,0.0,1–5 min
downtime_166,20220902,2022-09-02T00:00:00,2022-09-02T14:31:21,2022-09-02T14:32:36,14,1.25,1.25,0.0,1–5 min
downtime_167,20220902,2022-09-02T00:00:00,2022-09-02T14:33:21,2022-09-02T14:34:21,14,1.0000166666666666,1.0000166666666666,0.0,1–5 min
downtime_168,20220902,2022-09-02T00:00:00,2022-09-02T14:34:51,2022-09-02T14:38:06,14,3.2502166666666668,3.2502166666666668,0.0,1–5 min
downtime_169,20220902,2022-09-02T00:00:00,2022-09-02T14:38:51,2022-09-02T14:39:36,14,0.7504833333333334,0.7504833333333334,0.0,<1 min
downtime_170,20220902,2022-09-02T00:00:00,2022-09-02T14:40:06,2022-09-02T14:42:21,14,2.2504,2.2504,0.0,1–5 min
downtime_171,20220902,2022-09-02T00:00:00,2022-09-02T14:43:36,2022-09-02T14:50:06,14,6.499716666666667,6.499716666666667,0.0,5–15 min
downtime_172,20220902,2022-09-02T00:00:00,2022-09-02T14:52:51,2022-09-02T14:54:21,14,1.5000333333333333,1.5000333333333333,0.0,1–5 min
downtime_173,20220902,2022-09-02T00:00:00,2022-09-02T14:58:21,2022-09-02T14:59:36,14,1.2505166666666667,1.2505166666666667,0.0,1–5 min
downtime_174,20220902,2022-09-02T00:00:00,2022-09-02T15:02:36,2022-09-02T15:03:51,15,1.25005,1.25005,0.0,1–5 min
downtime_175,20220902,2022-09-02T00:00:00,2022-09-02T15:05:36,2022-09-02T15:06:21,15,0.7508333333333332,0.7508333333333332,0.0,<1 min
downtime_176,20220902,2022-09-02T00:00:00,2022-09-02T15:07:36,2022-09-02T15:08:51,15,1.2505666666666668,1.2505666666666668,0.0,1–5 min
downtime_177,20220902,2022-09-02T00:00:00,2022-09-02T15:09:21,2022-09-02T15:10:51,15,1.5004333333333333,1.5004333333333333,0.0,1–5 min
downtime_178,20220902,2022-09-02T00:00:00,2022-09-02T15:11:36,2022-09-02T15:13:06,15,1.5005,1.5005,0.0,1–5 min
downtime_179,20220902,2022-09-02T00:00:00,2022-09-02T15:14:06,2022-09-02T15:15:36,15,1.5002666666666669,1.5002666666666669,0.0,1–5 min
downtime_180,20220902,2022-09-02T00:00:00,2022-09-02T15:16:21,2022-09-02T15:17:51,15,1.4999333333333333,1.4999333333333333,0.0,1–5 min
downtime_181,20220902,2022-09-02T00:00:00,2022-09-02T15:18:51,2022-09-02T15:20:06,15,1.2499666666666667,1.2499666666666667,0.0,1–5 min
downtime_182,20220902,2022-09-02T00:00:00,2022-09-02T15:20:51,2022-09-02T15:22:36,15,1.7503,1.7503,0.0,1–5 min
downtime_183,20220902,2022-09-02T00:00:00,2022-09-02T15:24:36,2022-09-02T15:26:06,15,1.5000666666666667,1.5000666666666667,0.0,1–5 min
downtime_184,20220902,2022-09-02T00:00:00,2022-09-02T15:26:51,2022-09-02T15:28:22,15,1.5003,1.5003,0.0,1–5 min
downtime_185,20220902,2022-09-02T00:00:00,2022-09-02T15:29:22,2022-09-02T15:30:52,15,1.5029666666666666,1.5029666666666666,0.0,1–5 min
downtime_186,20220902,2022-09-02T00:00:00,2022-09-02T15:31:52,2022-09-02T15:33:22,15,1.49995,1.49995,0.0,1–5 min
downtime_187,20220902,2022-09-02T00:00:00,2022-09-02T15:38:52,2022-09-02T15:43:37,15,4.759216666666666,4.759216666666666,0.0,1–5 min
downtime_188,20220902,2022-09-02T00:00:00,2022-09-02T15:44:22,2022-09-02T15:48:52,15,4.499766666666667,4.499766666666667,0.0,1–5 min
downtime_189,20220902,2022-09-02T00:00:00,2022-09-02T15:52:37,2022-09-02T15:53:22,15,0.7460166666666667,0.7460166666666667,0.0,<1 min
downtime_190,20220902,2022-09-02T00:00:00,2022-09-02T15:54:07,2022-09-02T15:54:52,15,0.7503333333333334,0.7503333333333334,0.0,<1 min
downtime_191,20220902,2022-09-02T00:00:00,2022-09-02T15:55:52,2022-09-02T15:57:07,15,1.25055,1.25055,0.0,1–5 min
downtime_192,20220902,2022-09-02T00:00:00,2022-09-02T15:58:37,2022-09-02T15:59:22,15,0.74975,0.74975,0.0,<1 min
downtime_193,20220902,2022-09-02T00:00:00,2022-09-02T16:01:37,2022-09-02T16:02:37,16,1.00025,1.00025,0.0,1–5 min
downtime_194,20220902,2022-09-02T00:00:00,2022-09-02T16:04:07,2022-09-02T16:05:22,16,1.2500333333333333,1.2500333333333333,0.0,1–5 min
downtime_195,20220902,2022-09-02T00:00:00,2022-09-02T16:06:37,2022-09-02T16:09:07,16,2.5001,2.5001,0.0,1–5 min
downtime_196,20220902,2022-09-02T00:00:00,2022-09-02T16:11:07,2022-09-02T16:12:22,16,1.24985,1.24985,0.0,1–5 min
downtime_197,20220902,2022-09-02T00:00:00,2022-09-02T16:13:07,2022-09-02T16:14:37,16,1.5001166666666668,1.5001166666666668,0.0,1–5 min
downtime_198,20220902,2022-09-02T00:00:00,2022-09-02T16:15:22,2022-09-02T16:19:07,16,3.7506,3.7506,0.0,1–5 min
downtime_199,20220902,2022-09-02T00:00:00,2022-09-02T16:21:22,2022-09-02T16:22:52,16,1.5,1.5,0.0,1–5 min
downtime_200,20220902,2022-09-02T00:00:00,2022-09-02T16:23:52,2022-09-02T16:25:22,16,1.5001666666666666,1.5001666666666666,0.0,1–5 min
downtime_201,20220902,2022-09-02T00:00:00,2022-09-02T16:26:22,2022-09-02T16:28:22,16,2.00005,2.00005,0.0,1–5 min
downtime_202,20220902,2022-09-02T00:00:00,2022-09-02T16:29:22,2022-09-02T16:31:07,16,1.7500833333333332,1.7500833333333332,0.0,1–5 min
downtime_203,20220902,2022-09-02T00:00:00,2022-09-02T16:32:07,2022-09-02T16:33:52,16,1.7500666666666667,1.7500666666666667,0.0,1–5 min
downtime_204,20220902,2022-09-02T00:00:00,2022-09-02T16:34:52,2022-09-02T16:36:52,16,2.0001166666666665,2.0001166666666665,0.0,1–5 min
downtime_205,20220902,2022-09-02T00:00:00,2022-09-02T16:37:52,2022-09-02T16:38:52,16,1.0000833333333334,1.0000833333333334,0.0,1–5 min
downtime_206,20220906,2022-09-06T00:00:00,2022-09-06T14:05:43,2022-09-06T14:06:28,14,0.7501333333333334,0.7501333333333334,0.0,<1 min
downtime_207,20220906,2022-09-06T00:00:00,2022-09-06T14:14:43,2022-09-06T14:16:13,14,1.5000666666666667,1.5000666666666667,0.0,1–5 min
downtime_208,20220906,2022-09-06T00:00:00,2022-09-06T14:25:43,2022-09-06T14:26:43,14,1.0,1.0,0.0,1–5 min
downtime_209,20220906,2022-09-06T00:00:00,2022-09-06T14:27:28,2022-09-06T14:28:43,14,1.2500166666666668,1.2500166666666668,0.0,1–5 min
downtime_210,20220906,2022-09-06T00:00:00,2022-09-06T14:36:28,2022-09-06T14:37:28,14,1.0001,1.0001,0.0,1–5 min
downtime_211,20220906,2022-09-06T00:00:00,2022-09-06T14:38:13,2022-09-06T14:39:13,14,1.0000666666666667,1.0000666666666667,0.0,1–5 min
downtime_212,20220906,2022-09-06T00:00:00,2022-09-06T14:41:28,2022-09-06T14:42:43,14,1.2500833333333332,1.2500833333333332,0.0,1–5 min
downtime_213,20220906,2022-09-06T00:00:00,2022-09-06T14:45:13,2022-09-06T14:46:43,14,1.5001666666666666,1.5001666666666666,0.0,1–5 min
downtime_214,20220906,2022-09-06T00:00:00,2022-09-06T14:50:58,2022-09-06T14:51:58,14,1.0000333333333333,1.0000333333333333,0.0,1–5 min
downtime_215,20220906,2022-09-06T00:00:00,2022-09-06T14:52:43,2022-09-06T14:54:28,14,1.7499833333333332,1.7499833333333332,0.0,1–5 min
downtime_216,20220906,2022-09-06T00:00:00,2022-09-06T15:01:43,2022-09-06T15:02:58,15,1.2497833333333332,1.2497833333333332,0.0,1–5 min
downtime_217,20220906,2022-09-06T00:00:00,2022-09-06T15:16:43,2022-09-06T15:18:13,15,1.5003333333333333,1.5003333333333333,0.0,1–5 min
downtime_218,20220906,2022-09-06T00:00:00,2022-09-06T15:18:58,2022-09-06T15:19:58,15,1.0,1.0,0.0,1–5 min
downtime_219,20220906,2022-09-06T00:00:00,2022-09-06T15:28:28,2022-09-06T15:29:28,15,1.0000833333333334,1.0000833333333334,0.0,1–5 min
downtime_220,20220906,2022-09-06T00:00:00,2022-09-06T15:33:58,2022-09-06T15:34:58,15,1.0000333333333333,1.0000333333333333,0.0,1–5 min
downtime_221,20220906,2022-09-06T00:00:00,2022-09-06T15:36:43,2022-09-06T15:46:28,15,9.750416666666666,9.750416666666666,0.0,5–15 min
downtime_222,20220906,2022-09-06T00:00:00,2022-09-06T15:48:28,2022-09-06T15:49:28,15,0.9999166666666667,0.9999166666666667,0.0,<1 min
downtime_223,20220906,2022-09-06T00:00:00,2022-09-06T15:57:43,2022-09-06T15:58:43,15,1.0028333333333335,1.0028333333333335,0.0,1–5 min
downtime_224,20220906,2022-09-06T00:00:00,2022-09-06T16:02:58,2022-09-06T16:03:58,16,1.0001,1.0001,0.0,1–5 min
downtime_225,20220906,2022-09-06T00:00:00,2022-09-06T16:04:43,2022-09-06T16:05:43,16,0.99945,0.99945,0.0,<1 min
downtime_226,20220906,2022-09-06T00:00:00,2022-09-06T16:09:43,2022-09-06T16:10:43,16,1.0002,1.0002,0.0,1–5 min
downtime_227,20220906,2022-09-06T00:00:00,2022-09-06T16:21:28,2022-09-06T16:22:58,16,1.4998833333333332,1.4998833333333332,0.0,1–5 min
downtime_228,20220906,2022-09-06T00:00:00,2022-09-06T16:28:58,2022-09-06T16:29:58,16,0.9999,0.9999,0.0,<1 min
downtime_229,20220906,2022-09-06T00:00:00,2022-09-06T16:30:58,2022-09-06T16:31:58,16,0.9999,0.9999,0.0,<1 min
downtime_230,20220906,2022-09-06T00:00:00,2022-09-06T16:37:43,2022-09-06T16:38:58,16,1.2499833333333332,1.2499833333333332,0.0,1–5 min
downtime_231,20220906,2022-09-06T00:00:00,2022-09-06T16:39:43,2022-09-06T16:41:43,16,2.0002833333333334,2.0002833333333334,0.0,1–5 min
downtime_232,20220906,2022-09-06T00:00:00,2022-09-06T16:46:13,2022-09-06T16:47:28,16,1.2497666666666667,1.2497666666666667,0.0,1–5 min
downtime_233,20220906,2022-09-06T00:00:00,2022-09-06T16:48:13,2022-09-06T16:49:13,16,1.0001833333333334,1.0001833333333334,0.0,1–5 min
downtime_234,20220906,2022-09-06T00:00:00,2022-09-06T16:51:28,2022-09-06T16:52:28,16,1.0000333333333333,1.0000333333333333,0.0,1–5 min
downtime_235,20220906,2022-09-06T00:00:00,2022-09-06T16:53:13,2022-09-06T16:54:13,16,1.0001,1.0001,0.0,1–5 min
downtime_236,20220906,2022-09-06T00:00:00,2022-09-06T16:58:13,2022-09-06T16:59:13,16,0.9998666666666666,0.9998666666666666,0.0,<1 min
downtime_237,20220906,2022-09-06T00:00:00,2022-09-06T17:03:13,2022-09-06T17:05:28,17,2.250183333333333,2.250183333333333,0.0,1–5 min
downtime_238,20220906,2022-09-06T00:00:00,2022-09-06T17:09:43,2022-09-06T17:10:43,17,1.0,1.0,0.0,1–5 min
downtime_239,20220906,2022-09-06T00:00:00,2022-09-06T17:11:28,2022-09-06T17:12:28,17,1.0000333333333333,1.0000333333333333,0.0,1–5 min
downtime_240,20220906,2022-09-06T00:00:00,2022-09-06T17:13:28,2022-09-06T17:14:28,17,0.9999666666666667,0.9999666666666667,0.0,<1 min
downtime_241,20220906,2022-09-06T00:00:00,2022-09-06T17:15:14,2022-09-06T17:16:13,17,0.9965499999999999,0.9965499999999999,0.0,<1 min
downtime_242,20220906,2022-09-06T00:00:00,2022-09-06T17:17:13,2022-09-06T17:18:15,17,1.0243166666666668,1.0243166666666668,0.0,1–5 min
downtime_243,20220906,2022-09-06T00:00:00,2022-09-06T17:19:13,2022-09-06T17:20:13,17,1.0,1.0,0.0,1–5 min
downtime_244,20220906,2022-09-06T00:00:00,2022-09-06T17:28:43,2022-09-06T17:29:43,17,1.0000166666666666,1.0000166666666666,0.0,1–5 min
downtime_245,20220908,2022-09-08T00:00:00,2022-09-08T14:00:49,2022-09-08T14:01:49,14,1.0000833333333334,1.0000833333333334,0.0,1–5 min
downtime_246,20220908,2022-09-08T00:00:00,2022-09-08T14:02:34,2022-09-08T14:03:34,14,1.0017666666666667,1.0017666666666667,0.0,1–5 min
downtime_247,20220908,2022-09-08T00:00:00,2022-09-08T14:04:34,2022-09-08T14:05:34,14,0.9999,0.9999,0.0,<1 min
downtime_248,20220908,2022-09-08T00:00:00,2022-09-08T14:06:19,2022-09-08T14:07:49,14,1.5001666666666666,1.5001666666666666,0.0,1–5 min
downtime_249,20220908,2022-09-08T00:00:00,2022-09-08T14:13:04,2022-09-08T14:14:04,14,1.0000833333333334,1.0000833333333334,0.0,1–5 min
downtime_250,20220908,2022-09-08T00:00:00,2022-09-08T14:14:50,2022-09-08T14:16:05,14,1.26105,1.26105,0.0,1–5 min
downtime_251,20220908,2022-09-08T00:00:00,2022-09-08T14:19:34,2022-09-08T14:20:34,14,1.0000333333333333,1.0000333333333333,0.0,1–5 min
downtime_252,20220908,2022-09-08T00:00:00,2022-09-08T14:23:04,2022-09-08T14:23:49,14,0.7500333333333333,0.7500333333333333,0.0,<1 min
downtime_253,20220908,2022-09-08T00:00:00,2022-09-08T14:25:34,2022-09-08T14:28:04,14,2.5001,2.5001,0.0,1–5 min
downtime_254,20220908,2022-09-08T00:00:00,2022-09-08T14:29:49,2022-09-08T14:31:04,14,1.25005,1.25005,0.0,1–5 min
downtime_255,20220908,2022-09-08T00:00:00,2022-09-08T14:41:19,2022-09-08T14:42:19,14,1.0000166666666666,1.0000166666666666,0.0,1–5 min
downtime_256,20220908,2022-09-08T00:00:00,2022-09-08T14:46:04,2022-09-08T14:47:19,14,1.2497666666666667,1.2497666666666667,0.0,1–5 min
downtime_257,20220908,2022-09-08T00:00:00,2022-09-08T14:49:34,2022-09-08T14:50:34,14,1.0000166666666666,1.0000166666666666,0.0,1–5 min
downtime_258,20220908,2022-09-08T00:00:00,2022-09-08T14:52:49,2022-09-08T14:53:49,14,0.99985,0.99985,0.0,<1 min
downtime_259,20220908,2022-09-08T00:00:00,2022-09-08T14:56:04,2022-09-08T14:58:34,14,2.5001166666666665,2.5001166666666665,0.0,1–5 min
downtime_260,20220908,2022-09-08T00:00:00,2022-09-08T15:00:34,2022-09-08T15:02:19,15,1.7501,1.7501,0.0,1–5 min
downtime_261,20220908,2022-09-08T00:00:00,2022-09-08T15:07:05,2022-09-08T15:08:17,15,1.2099,1.2099,0.0,1–5 min
downtime_262,20220908,2022-09-08T00:00:00,2022-09-08T15:10:35,2022-09-08T15:12:05,15,1.5001333333333333,1.5001333333333333,0.0,1–5 min
downtime_263,20220908,2022-09-08T00:00:00,2022-09-08T15:13:05,2022-09-08T15:14:50,15,1.7500166666666668,1.7500166666666668,0.0,1–5 min
downtime_264,20220908,2022-09-08T00:00:00,2022-09-08T15:22:05,2022-09-08T15:23:05,15,0.9999333333333333,0.9999333333333333,0.0,<1 min
downtime_265,20220908,2022-09-08T00:00:00,2022-09-08T15:27:35,2022-09-08T15:28:35,15,1.0002166666666665,1.0002166666666665,0.0,1–5 min
downtime_266,20220908,2022-09-08T00:00:00,2022-09-08T15:29:20,2022-09-08T15:31:50,15,2.5000666666666667,2.5000666666666667,0.0,1–5 min
downtime_267,20220908,2022-09-08T00:00:00,2022-09-08T15:33:05,2022-09-08T15:34:50,15,1.7500666666666667,1.7500666666666667,0.0,1–5 min
downtime_268,20220908,2022-09-08T00:00:00,2022-09-08T15:37:35,2022-09-08T15:38:35,15,1.0001,1.0001,0.0,1–5 min
downtime_269,20220908,2022-09-08T00:00:00,2022-09-08T15:39:35,2022-09-08T15:40:35,15,1.00045,1.00045,0.0,1–5 min
downtime_270,20220908,2022-09-08T00:00:00,2022-09-08T15:41:35,2022-09-08T15:42:35,15,1.00005,1.00005,0.0,1–5 min
downtime_271,20220908,2022-09-08T00:00:00,2022-09-08T15:43:20,2022-09-08T15:44:20,15,0.9965166666666666,0.9965166666666666,0.0,<1 min
downtime_272,20220908,2022-09-08T00:00:00,2022-09-08T15:46:20,2022-09-08T15:47:20,15,1.0001166666666665,1.0001166666666665,0.0,1–5 min
downtime_273,20220908,2022-09-08T00:00:00,2022-09-08T15:50:20,2022-09-08T15:52:20,15,2.000166666666667,2.000166666666667,0.0,1–5 min
downtime_274,20220912,2022-09-12T00:00:00,2022-09-12T13:34:46,2022-09-12T13:36:16,13,1.4996833333333333,1.4996833333333333,0.0,1–5 min
downtime_275,20220912,2022-09-12T00:00:00,2022-09-12T13:40:46,2022-09-12T13:42:16,13,1.5001166666666668,1.5001166666666668,0.0,1–5 min
downtime_276,20220912,2022-09-12T00:00:00,2022-09-12T13:43:31,2022-09-12T13:45:32,13,2.0003,2.0003,0.0,1–5 min
downtime_277,20220912,2022-09-12T00:00:00,2022-09-12T13:46:16,2022-09-12T13:47:31,13,1.25005,1.25005,0.0,1–5 min
downtime_278,20220912,2022-09-12T00:00:00,2022-09-12T13:48:16,2022-09-12T13:50:02,13,1.7500666666666667,1.7500666666666667,0.0,1–5 min
downtime_279,20220912,2022-09-12T00:00:00,2022-09-12T13:57:17,2022-09-12T13:58:17,13,0.99625,0.99625,0.0,<1 min
downtime_280,20220912,2022-09-12T00:00:00,2022-09-12T14:01:32,2022-09-12T14:03:17,14,1.7498333333333334,1.7498333333333334,0.0,1–5 min
downtime_281,20220912,2022-09-12T00:00:00,2022-09-12T14:04:47,2022-09-12T14:05:47,14,0.9999666666666667,0.9999666666666667,0.0,<1 min
downtime_282,20220912,2022-09-12T00:00:00,2022-09-12T14:06:47,2022-09-12T14:07:47,14,1.00005,1.00005,0.0,1–5 min
downtime_283,20220912,2022-09-12T00:00:00,2022-09-12T14:08:47,2022-09-12T14:10:17,14,1.4999833333333332,1.4999833333333332,0.0,1–5 min
downtime_284,20220912,2022-09-12T00:00:00,2022-09-12T14:14:47,2022-09-12T14:17:17,14,2.4999333333333333,2.4999333333333333,0.0,1–5 min
downtime_285,20220912,2022-09-12T00:00:00,2022-09-12T14:18:17,2022-09-12T14:20:02,14,1.7501166666666668,1.7501166666666668,0.0,1–5 min
downtime_286,20220912,2022-09-12T00:00:00,2022-09-12T14:21:02,2022-09-12T14:23:02,14,1.9999,1.9999,0.0,1–5 min
downtime_287,20220912,2022-09-12T00:00:00,2022-09-12T14:23:47,2022-09-12T14:25:17,14,1.4996333333333332,1.4996333333333332,0.0,1–5 min
downtime_288,20220912,2022-09-12T00:00:00,2022-09-12T14:26:02,2022-09-12T14:27:47,14,1.75005,1.75005,0.0,1–5 min
downtime_289,20220912,2022-09-12T00:00:00,2022-09-12T14:29:02,2022-09-12T14:30:47,14,1.7500666666666667,1.7500666666666667,0.0,1–5 min
downtime_290,20220912,2022-09-12T00:00:00,2022-09-12T14:31:47,2022-09-12T14:33:32,14,1.7501166666666668,1.7501166666666668,0.0,1–5 min
downtime_291,20220912,2022-09-12T00:00:00,2022-09-12T14:39:02,2022-09-12T14:41:47,14,2.7500333333333336,2.7500333333333336,0.0,1–5 min
downtime_292,20220912,2022-09-12T00:00:00,2022-09-12T14:44:17,2022-09-12T14:45:41,14,1.40575,1.40575,0.0,1–5 min
downtime_293,20220912,2022-09-12T00:00:00,2022-09-12T14:46:47,2022-09-12T14:48:47,14,2.0136666666666665,2.0136666666666665,0.0,1–5 min
downtime_294,20220912,2022-09-12T00:00:00,2022-09-12T14:49:02,2022-09-12T14:50:32,14,1.5076,1.5076,0.0,1–5 min
downtime_295,20220912,2022-09-12T00:00:00,2022-09-12T14:52:47,2022-09-12T14:54:32,14,1.7503666666666668,1.7503666666666668,0.0,1–5 min
downtime_296,20220912,2022-09-12T00:00:00,2022-09-12T14:57:02,2022-09-12T14:59:17,14,2.250183333333333,2.250183333333333,0.0,1–5 min
downtime_297,20220912,2022-09-12T00:00:00,2022-09-12T15:00:32,2022-09-12T15:02:02,15,1.50465,1.50465,0.0,1–5 min
downtime_298,20220912,2022-09-12T00:00:00,2022-09-12T15:03:02,2022-09-12T15:04:32,15,1.4996333333333332,1.4996333333333332,0.0,1–5 min
downtime_299,20220912,2022-09-12T00:00:00,2022-09-12T15:09:17,2022-09-12T15:11:17,15,2.0006666666666666,2.0006666666666666,0.0,1–5 min
downtime_300,20220912,2022-09-12T00:00:00,2022-09-12T15:12:02,2022-09-12T15:13:17,15,1.2501,1.2501,0.0,1–5 min
downtime_301,20220912,2022-09-12T00:00:00,2022-09-12T15:14:17,2022-09-12T15:15:47,15,1.50005,1.50005,0.0,1–5 min
downtime_302,20220912,2022-09-12T00:00:00,2022-09-12T15:17:02,2022-09-12T15:19:02,15,2.00055,2.00055,0.0,1–5 min
downtime_303,20220912,2022-09-12T00:00:00,2022-09-12T15:20:02,2022-09-12T15:22:02,15,2.0001166666666665,2.0001166666666665,0.0,1–5 min
downtime_304,20220912,2022-09-12T00:00:00,2022-09-12T15:23:17,2022-09-12T15:24:32,15,1.2495166666666668,1.2495166666666668,0.0,1–5 min
downtime_305,20220912,2022-09-12T00:00:00,2022-09-12T15:25:32,2022-09-12T15:27:02,15,1.4997666666666667,1.4997666666666667,0.0,1–5 min
downtime_306,20220912,2022-09-12T00:00:00,2022-09-12T15:29:47,2022-09-12T15:31:47,15,2.0000833333333334,2.0000833333333334,0.0,1–5 min
downtime_307,20220912,2022-09-12T00:00:00,2022-09-12T15:32:47,2022-09-12T15:34:32,15,1.7541333333333333,1.7541333333333333,0.0,1–5 min
downtime_308,20220912,2022-09-12T00:00:00,2022-09-12T15:35:32,2022-09-12T15:37:32,15,1.9999666666666667,1.9999666666666667,0.0,1–5 min
downtime_309,20220912,2022-09-12T00:00:00,2022-09-12T15:38:32,2022-09-12T15:40:02,15,1.5000833333333332,1.5000833333333332,0.0,1–5 min
downtime_310,20220912,2022-09-12T00:00:00,2022-09-12T15:41:02,2022-09-12T15:44:02,15,3.0001166666666665,3.0001166666666665,0.0,1–5 min
downtime_311,20220912,2022-09-12T00:00:00,2022-09-12T15:45:02,2022-09-12T15:49:47,15,4.750266666666667,4.750266666666667,0.0,1–5 min
downtime_312,20220912,2022-09-12T00:00:00,2022-09-12T15:50:32,2022-09-12T16:16:29,15,25.95585,25.95585,0.0,15–60 min
downtime_313,20220912,2022-09-12T00:00:00,2022-09-12T16:18:14,2022-09-12T16:22:44,16,4.500383333333334,4.500383333333334,0.0,1–5 min
downtime_314,20220912,2022-09-12T00:00:00,2022-09-12T16:25:14,2022-09-12T16:26:59,16,1.7501666666666666,1.7501666666666666,0.0,1–5 min
downtime_315,20220912,2022-09-12T00:00:00,2022-09-12T16:28:14,2022-09-12T16:29:44,16,1.4999333333333333,1.4999333333333333,0.0,1–5 min
downtime_316,20220912,2022-09-12T00:00:00,2022-09-12T16:30:44,2022-09-12T16:32:29,16,1.7500833333333332,1.7500833333333332,0.0,1–5 min
downtime_317,20220912,2022-09-12T00:00:00,2022-09-12T16:33:14,2022-09-12T16:35:14,16,2.0032,2.0032,0.0,1–5 min
downtime_318,20220912,2022-09-12T00:00:00,2022-09-12T16:36:14,2022-09-12T16:37:59,16,1.7500666666666667,1.7500666666666667,0.0,1–5 min
downtime_319,20220912,2022-09-12T00:00:00,2022-09-12T16:38:59,2022-09-12T16:40:29,16,1.4998,1.4998,0.0,1–5 min
downtime_320,20220912,2022-09-12T00:00:00,2022-09-12T16:41:44,2022-09-12T16:42:59,16,1.25075,1.25075,0.0,1–5 min
downtime_321,20220912,2022-09-12T00:00:00,2022-09-12T16:43:44,2022-09-12T16:44:59,16,1.2529833333333333,1.2529833333333333,0.0,1–5 min
downtime_322,20220912,2022-09-12T00:00:00,2022-09-12T16:45:59,2022-09-12T16:47:59,16,2.00015,2.00015,0.0,1–5 min
downtime_323,20220912,2022-09-12T00:00:00,2022-09-12T16:49:14,2022-09-12T16:51:14,16,1.9967833333333334,1.9967833333333334,0.0,1–5 min
downtime_324,20220912,2022-09-12T00:00:00,2022-09-12T16:52:14,2022-09-12T16:53:44,16,1.5001166666666668,1.5001166666666668,0.0,1–5 min
downtime_325,20220912,2022-09-12T00:00:00,2022-09-12T16:54:29,2022-09-12T16:55:44,16,1.24795,1.24795,0.0,1–5 min
downtime_326,20220912,2022-09-12T00:00:00,2022-09-12T16:56:29,2022-09-12T16:58:14,16,1.7501166666666668,1.7501166666666668,0.0,1–5 min
downtime_327,20220912,2022-09-12T00:00:00,2022-09-12T16:59:14,2022-09-12T17:00:59,16,1.7498,1.7498,0.0,1–5 min
downtime_328,20220912,2022-09-12T00:00:00,2022-09-12T17:01:59,2022-09-12T17:03:14,17,1.2495833333333333,1.2495833333333333,0.0,1–5 min
downtime_329,20220915,2022-09-15T00:00:00,2022-09-15T10:18:01,2022-09-15T10:19:01,10,1.0001166666666665,1.0001166666666665,0.0,1–5 min
downtime_330,20220915,2022-09-15T00:00:00,2022-09-15T10:23:46,2022-09-15T10:24:46,10,1.0000166666666666,1.0000166666666666,0.0,1–5 min
downtime_331,20220915,2022-09-15T00:00:00,2022-09-15T10:28:16,2022-09-15T10:29:16,10,0.9998666666666666,0.9998666666666666,0.0,<1 min
downtime_332,20220915,2022-09-15T00:00:00,2022-09-15T10:30:01,2022-09-15T10:31:01,10,1.0,1.0,0.0,1–5 min
downtime_333,20220915,2022-09-15T00:00:00,2022-09-15T10:37:01,2022-09-15T10:38:01,10,1.0003666666666666,1.0003666666666666,0.0,1–5 min
downtime_334,20220915,2022-09-15T00:00:00,2022-09-15T10:48:01,2022-09-15T10:49:01,10,1.0002166666666665,1.0002166666666665,0.0,1–5 min
downtime_335,20220915,2022-09-15T00:00:00,2022-09-15T10:50:01,2022-09-15T10:51:01,10,1.0000666666666667,1.0000666666666667,0.0,1–5 min
downtime_336,20220915,2022-09-15T00:00:00,2022-09-15T10:52:01,2022-09-15T10:53:16,10,1.2496333333333332,1.2496333333333332,0.0,1–5 min
downtime_337,20220915,2022-09-15T00:00:00,2022-09-15T10:59:16,2022-09-15T11:02:46,10,3.5000833333333334,3.5000833333333334,0.0,1–5 min
downtime_338,20220915,2022-09-15T00:00:00,2022-09-15T11:07:46,2022-09-15T11:09:16,11,1.50005,1.50005,0.0,1–5 min
downtime_339,20220915,2022-09-15T00:00:00,2022-09-15T11:15:46,2022-09-15T11:16:46,11,1.0000166666666666,1.0000166666666666,0.0,1–5 min
downtime_340,20220915,2022-09-15T00:00:00,2022-09-15T11:21:01,2022-09-15T11:22:01,11,1.0000166666666666,1.0000166666666666,0.0,1–5 min
downtime_341,20220915,2022-09-15T00:00:00,2022-09-15T11:28:01,2022-09-15T11:29:01,11,1.00005,1.00005,0.0,1–5 min
downtime_342,20220915,2022-09-15T00:00:00,2022-09-15T11:30:01,2022-09-15T11:31:01,11,1.0003166666666667,1.0003166666666667,0.0,1–5 min
downtime_343,20220915,2022-09-15T00:00:00,2022-09-15T11:33:46,2022-09-15T11:34:46,11,1.0000166666666666,1.0000166666666666,0.0,1–5 min
downtime_344,20220915,2022-09-15T00:00:00,2022-09-15T11:38:31,2022-09-15T11:39:31,11,1.0000666666666667,1.0000666666666667,0.0,1–5 min
downtime_345,20220915,2022-09-15T00:00:00,2022-09-15T11:40:16,2022-09-15T11:41:16,11,1.0000833333333334,1.0000833333333334,0.0,1–5 min
downtime_346,20220915,2022-09-15T00:00:00,2022-09-15T11:47:16,2022-09-15T11:48:16,11,0.99995,0.99995,0.0,<1 min
downtime_347,20220915,2022-09-15T00:00:00,2022-09-15T11:50:46,2022-09-15T11:52:01,11,1.2500333333333333,1.2500333333333333,0.0,1–5 min
downtime_348,20220915,2022-09-15T00:00:00,2022-09-15T11:52:46,2022-09-15T11:54:16,11,1.5001,1.5001,0.0,1–5 min
downtime_349,20220915,2022-09-15T00:00:00,2022-09-15T11:56:16,2022-09-15T11:58:03,11,1.7741833333333332,1.7741833333333332,0.0,1–5 min
downtime_350,20220915,2022-09-15T00:00:00,2022-09-15T11:59:16,2022-09-15T13:31:46,11,92.50431666666667,92.50431666666667,0.0,60+ min
downtime_351,20220915,2022-09-15T00:00:00,2022-09-15T13:33:16,2022-09-15T13:34:16,13,0.9999833333333333,0.9999833333333333,0.0,<1 min
downtime_352,20220915,2022-09-15T00:00:00,2022-09-15T13:35:16,2022-09-15T13:36:16,13,1.0001166666666665,1.0001166666666665,0.0,1–5 min
downtime_353,20220915,2022-09-15T00:00:00,2022-09-15T13:37:01,2022-09-15T13:38:01,13,1.0002166666666665,1.0002166666666665,0.0,1–5 min
downtime_354,20220915,2022-09-15T00:00:00,2022-09-15T13:40:17,2022-09-15T13:42:01,13,1.7494666666666667,1.7494666666666667,0.0,1–5 min
downtime_355,20220915,2022-09-15T00:00:00,2022-09-15T13:44:17,2022-09-15T13:45:32,13,1.2497166666666668,1.2497166666666668,0.0,1–5 min
downtime_356,20220915,2022-09-15T00:00:00,2022-09-15T13:49:47,2022-09-15T13:50:47,13,0.9993166666666667,0.9993166666666667,0.0,<1 min
downtime_357,20220915,2022-09-15T00:00:00,2022-09-15T13:51:32,2022-09-15T13:52:32,13,0.99995,0.99995,0.0,<1 min
downtime_358,20220915,2022-09-15T00:00:00,2022-09-15T13:53:33,2022-09-15T13:54:32,13,0.9751333333333334,0.9751333333333334,0.0,<1 min
downtime_359,20220915,2022-09-15T00:00:00,2022-09-15T13:55:32,2022-09-15T13:56:47,13,1.25,1.25,0.0,1–5 min
downtime_360,20220915,2022-09-15T00:00:00,2022-09-15T13:57:32,2022-09-15T13:58:47,13,1.2501166666666668,1.2501166666666668,0.0,1–5 min
downtime_361,20220915,2022-09-15T00:00:00,2022-09-15T13:59:47,2022-09-15T14:00:47,13,1.0005,1.0005,0.0,1–5 min
downtime_362,20220915,2022-09-15T00:00:00,2022-09-15T14:04:32,2022-09-15T14:05:32,14,1.0000833333333334,1.0000833333333334,0.0,1–5 min
downtime_363,20220915,2022-09-15T00:00:00,2022-09-15T14:06:17,2022-09-15T14:07:17,14,0.99995,0.99995,0.0,<1 min
downtime_364,20220915,2022-09-15T00:00:00,2022-09-15T14:09:02,2022-09-15T14:10:32,14,1.5003666666666668,1.5003666666666668,0.0,1–5 min
downtime_365,20220915,2022-09-15T00:00:00,2022-09-15T14:14:17,2022-09-15T14:15:17,14,1.0001,1.0001,0.0,1–5 min
downtime_366,20220915,2022-09-15T00:00:00,2022-09-15T14:16:02,2022-09-15T14:17:17,14,1.2500666666666667,1.2500666666666667,0.0,1–5 min
downtime_367,20220915,2022-09-15T00:00:00,2022-09-15T14:18:02,2022-09-15T14:19:32,14,1.5000333333333333,1.5000333333333333,0.0,1–5 min
downtime_368,20220915,2022-09-15T00:00:00,2022-09-15T14:21:32,2022-09-15T14:22:32,14,0.9999833333333333,0.9999833333333333,0.0,<1 min
downtime_369,20220915,2022-09-15T00:00:00,2022-09-15T14:23:17,2022-09-15T14:24:17,14,1.0005,1.0005,0.0,1–5 min
downtime_370,20220915,2022-09-15T00:00:00,2022-09-15T14:25:02,2022-09-15T14:26:17,14,1.2501166666666668,1.2501166666666668,0.0,1–5 min
downtime_371,20220915,2022-09-15T00:00:00,2022-09-15T14:27:02,2022-09-15T14:28:02,14,0.9999666666666667,0.9999666666666667,0.0,<1 min
downtime_372,20220915,2022-09-15T00:00:00,2022-09-15T14:35:17,2022-09-15T14:37:32,14,2.2501166666666665,2.2501166666666665,0.0,1–5 min
downtime_373,20220915,2022-09-15T00:00:00,2022-09-15T14:45:17,2022-09-15T14:47:17,14,1.9969999999999999,1.9969999999999999,0.0,1–5 min
downtime_374,20220915,2022-09-15T00:00:00,2022-09-15T14:50:02,2022-09-15T14:51:02,14,1.0000833333333334,1.0000833333333334,0.0,1–5 min
downtime_375,20220915,2022-09-15T00:00:00,2022-09-15T14:52:02,2022-09-15T14:53:17,14,1.2498833333333332,1.2498833333333332,0.0,1–5 min
downtime_376,20220915,2022-09-15T00:00:00,2022-09-15T14:54:17,2022-09-15T14:55:32,14,1.2499833333333332,1.2499833333333332,0.0,1–5 min
downtime_377,20220915,2022-09-15T00:00:00,2022-09-15T15:01:02,2022-09-15T15:02:32,15,1.5006,1.5006,0.0,1–5 min
downtime_378,20220915,2022-09-15T00:00:00,2022-09-15T15:03:17,2022-09-15T15:04:17,15,1.0000833333333334,1.0000833333333334,0.0,1–5 min
downtime_379,20220915,2022-09-15T00:00:00,2022-09-15T15:05:17,2022-09-15T15:06:17,15,0.9998,0.9998,0.0,<1 min
downtime_380,20220915,2022-09-15T00:00:00,2022-09-15T15:07:02,2022-09-15T15:08:02,15,1.0000333333333333,1.0000333333333333,0.0,1–5 min
downtime_381,20220915,2022-09-15T00:00:00,2022-09-15T15:09:47,2022-09-15T15:10:47,15,0.9999666666666667,0.9999666666666667,0.0,<1 min
downtime_382,20220915,2022-09-15T00:00:00,2022-09-15T15:11:47,2022-09-15T15:12:47,15,0.9994333333333334,0.9994333333333334,0.0,<1 min
downtime_383,20220915,2022-09-15T00:00:00,2022-09-15T15:15:17,2022-09-15T15:16:17,15,1.0000666666666667,1.0000666666666667,0.0,1–5 min
downtime_384,20220915,2022-09-15T00:00:00,2022-09-15T15:18:32,2022-09-15T15:19:32,15,1.00045,1.00045,0.0,1–5 min
downtime_385,20220915,2022-09-15T00:00:00,2022-09-15T15:22:02,2022-09-15T15:23:02,15,0.9999833333333333,0.9999833333333333,0.0,<1 min
downtime_386,20220915,2022-09-15T00:00:00,2022-09-15T15:23:47,2022-09-15T15:29:02,15,5.25005,5.25005,0.0,5–15 min
downtime_387,20220915,2022-09-15T00:00:00,2022-09-15T15:33:02,2022-09-15T15:34:17,15,1.2500666666666667,1.2500666666666667,0.0,1–5 min
downtime_388,20220915,2022-09-15T00:00:00,2022-09-15T15:38:17,2022-09-15T15:40:02,15,1.75,1.75,0.0,1–5 min
downtime_389,20220915,2022-09-15T00:00:00,2022-09-15T15:42:17,2022-09-15T15:45:17,15,3.0006833333333334,3.0006833333333334,0.0,1–5 min
downtime_390,20220915,2022-09-15T00:00:00,2022-09-15T15:48:17,2022-09-15T16:09:32,15,21.25068333333333,21.25068333333333,0.0,15–60 min
downtime_391,20220915,2022-09-15T00:00:00,2022-09-15T16:13:17,2022-09-15T16:17:02,16,3.7500666666666667,3.7500666666666667,0.0,1–5 min
downtime_392,20220920,2022-09-20T00:00:00,2022-09-20T10:15:40,2022-09-20T10:17:40,10,2.0006833333333334,2.0006833333333334,0.0,1–5 min
downtime_393,20220920,2022-09-20T00:00:00,2022-09-20T10:19:10,2022-09-20T10:21:10,10,2.000183333333333,2.000183333333333,0.0,1–5 min
downtime_394,20220920,2022-09-20T00:00:00,2022-09-20T10:22:25,2022-09-20T10:24:25,10,1.9997,1.9997,0.0,1–5 min
downtime_395,20220920,2022-09-20T00:00:00,2022-09-20T10:25:25,2022-09-20T10:27:10,10,1.75025,1.75025,0.0,1–5 min
downtime_396,20220920,2022-09-20T00:00:00,2022-09-20T10:28:25,2022-09-20T10:30:40,10,2.2504,2.2504,0.0,1–5 min
downtime_397,20220920,2022-09-20T00:00:00,2022-09-20T10:31:55,2022-09-20T10:33:55,10,2.0001,2.0001,0.0,1–5 min
downtime_398,20220920,2022-09-20T00:00:00,2022-09-20T10:35:10,2022-09-20T10:37:25,10,2.2502666666666666,2.2502666666666666,0.0,1–5 min
downtime_399,20220920,2022-09-20T00:00:00,2022-09-20T10:38:40,2022-09-20T10:40:55,10,2.250383333333333,2.250383333333333,0.0,1–5 min
downtime_400,20220920,2022-09-20T00:00:00,2022-09-20T10:42:25,2022-09-20T10:44:10,10,1.7499666666666667,1.7499666666666667,0.0,1–5 min
downtime_401,20220920,2022-09-20T00:00:00,2022-09-20T10:45:25,2022-09-20T10:47:40,10,2.2507666666666664,2.2507666666666664,0.0,1–5 min
downtime_402,20220920,2022-09-20T00:00:00,2022-09-20T10:48:55,2022-09-20T10:50:55,10,1.9995,1.9995,0.0,1–5 min
downtime_403,20220920,2022-09-20T00:00:00,2022-09-20T10:52:10,2022-09-20T10:54:25,10,2.2498333333333336,2.2498333333333336,0.0,1–5 min
downtime_404,20220920,2022-09-20T00:00:00,2022-09-20T10:55:40,2022-09-20T10:57:55,10,2.2500833333333334,2.2500833333333334,0.0,1–5 min
downtime_405,20220920,2022-09-20T00:00:00,2022-09-20T10:58:55,2022-09-20T11:01:10,10,2.2501166666666665,2.2501166666666665,0.0,1–5 min
downtime_406,20220920,2022-09-20T00:00:00,2022-09-20T11:02:25,2022-09-20T11:04:25,11,2.0000166666666668,2.0000166666666668,0.0,1–5 min
downtime_407,20220920,2022-09-20T00:00:00,2022-09-20T11:05:41,2022-09-20T11:07:40,11,1.9790333333333334,1.9790333333333334,0.0,1–5 min
downtime_408,20220920,2022-09-20T00:00:00,2022-09-20T11:08:55,2022-09-20T11:10:55,11,2.0000833333333334,2.0000833333333334,0.0,1–5 min
downtime_409,20220920,2022-09-20T00:00:00,2022-09-20T11:12:10,2022-09-20T11:14:10,11,2.0000833333333334,2.0000833333333334,0.0,1–5 min
downtime_410,20220920,2022-09-20T00:00:00,2022-09-20T11:15:25,2022-09-20T11:17:25,11,2.0001,2.0001,0.0,1–5 min
downtime_411,20220920,2022-09-20T00:00:00,2022-09-20T11:18:25,2022-09-20T11:20:40,11,2.2501333333333333,2.2501333333333333,0.0,1–5 min
downtime_412,20220920,2022-09-20T00:00:00,2022-09-20T11:21:55,2022-09-20T11:24:10,11,2.2500833333333334,2.2500833333333334,0.0,1–5 min
downtime_413,20220920,2022-09-20T00:00:00,2022-09-20T11:25:25,2022-09-20T11:27:25,11,2.00005,2.00005,0.0,1–5 min
downtime_414,20220920,2022-09-20T00:00:00,2022-09-20T11:28:40,2022-09-20T11:30:40,11,1.9991999999999999,1.9991999999999999,0.0,1–5 min
downtime_415,20220920,2022-09-20T00:00:00,2022-09-20T11:31:55,2022-09-20T11:33:55,11,1.9995666666666667,1.9995666666666667,0.0,1–5 min
downtime_416,20220920,2022-09-20T00:00:00,2022-09-20T11:35:25,2022-09-20T11:37:25,11,1.9995833333333333,1.9995833333333333,0.0,1–5 min
downtime_417,20220920,2022-09-20T00:00:00,2022-09-20T11:38:40,2022-09-20T11:40:40,11,2.0000833333333334,2.0000833333333334,0.0,1–5 min
downtime_418,20220920,2022-09-20T00:00:00,2022-09-20T11:41:55,2022-09-20T11:44:10,11,2.24975,2.24975,0.0,1–5 min
downtime_419,20220920,2022-09-20T00:00:00,2022-09-20T11:45:25,2022-09-20T11:47:25,11,2.0001,2.0001,0.0,1–5 min
downtime_420,20220920,2022-09-20T00:00:00,2022-09-20T11:48:40,2022-09-20T11:50:40,11,2.000383333333333,2.000383333333333,0.0,1–5 min
downtime_421,20220920,2022-09-20T00:00:00,2022-09-20T11:51:55,2022-09-20T11:54:10,11,2.2472833333333333,2.2472833333333333,0.0,1–5 min
downtime_422,20220920,2022-09-20T00:00:00,2022-09-20T11:55:10,2022-09-20T11:58:40,11,3.4998500000000003,3.4998500000000003,0.0,1–5 min
downtime_423,20220920,2022-09-20T00:00:00,2022-09-20T11:59:40,2022-09-20T12:02:55,11,3.2501499999999997,3.2501499999999997,0.0,1–5 min
downtime_424,20220920,2022-09-20T00:00:00,2022-09-20T13:41:25,2022-09-20T13:42:25,13,1.0004666666666666,1.0004666666666666,0.0,1–5 min
downtime_425,20220920,2022-09-20T00:00:00,2022-09-20T13:43:55,2022-09-20T13:46:10,13,2.2500833333333334,2.2500833333333334,0.0,1–5 min
downtime_426,20220920,2022-09-20T00:00:00,2022-09-20T13:47:40,2022-09-20T13:49:40,13,2.0000833333333334,2.0000833333333334,0.0,1–5 min
downtime_427,20220920,2022-09-20T00:00:00,2022-09-20T13:50:55,2022-09-20T13:53:25,13,2.4995666666666665,2.4995666666666665,0.0,1–5 min
downtime_428,20220920,2022-09-20T00:00:00,2022-09-20T13:54:40,2022-09-20T13:56:55,13,2.2500666666666667,2.2500666666666667,0.0,1–5 min
downtime_429,20220920,2022-09-20T00:00:00,2022-09-20T13:58:10,2022-09-20T14:00:25,13,2.2504,2.2504,0.0,1–5 min
downtime_430,20220920,2022-09-20T00:00:00,2022-09-20T14:01:40,2022-09-20T14:03:55,14,2.2500666666666667,2.2500666666666667,0.0,1–5 min
downtime_431,20220920,2022-09-20T00:00:00,2022-09-20T14:05:10,2022-09-20T14:07:25,14,2.24995,2.24995,0.0,1–5 min
downtime_432,20220920,2022-09-20T00:00:00,2022-09-20T14:08:40,2022-09-20T14:11:10,14,2.4976833333333333,2.4976833333333333,0.0,1–5 min
downtime_433,20220920,2022-09-20T00:00:00,2022-09-20T14:12:25,2022-09-20T14:14:55,14,2.4989,2.4989,0.0,1–5 min
downtime_434,20220920,2022-09-20T00:00:00,2022-09-20T14:17:40,2022-09-20T14:19:25,14,1.7500166666666668,1.7500166666666668,0.0,1–5 min
downtime_435,20220920,2022-09-20T00:00:00,2022-09-20T14:20:40,2022-09-20T14:22:55,14,2.2501499999999997,2.2501499999999997,0.0,1–5 min
downtime_436,20220920,2022-09-20T00:00:00,2022-09-20T14:24:10,2022-09-20T14:26:40,14,2.4999166666666666,2.4999166666666666,0.0,1–5 min
downtime_437,20220920,2022-09-20T00:00:00,2022-09-20T14:27:55,2022-09-20T14:30:10,14,2.25025,2.25025,0.0,1–5 min
downtime_438,20220920,2022-09-20T00:00:00,2022-09-20T14:31:25,2022-09-20T14:33:25,14,2.0000666666666667,2.0000666666666667,0.0,1–5 min
downtime_439,20220920,2022-09-20T00:00:00,2022-09-20T14:34:40,2022-09-20T14:37:10,14,2.500183333333333,2.500183333333333,0.0,1–5 min
downtime_440,20220920,2022-09-20T00:00:00,2022-09-20T14:38:25,2022-09-20T14:40:40,14,2.2500833333333334,2.2500833333333334,0.0,1–5 min
downtime_441,20220922,2022-09-22T00:00:00,2022-09-22T11:07:22,2022-09-22T11:08:22,11,1.0001,1.0001,0.0,1–5 min
downtime_442,20220922,2022-09-22T00:00:00,2022-09-22T11:13:22,2022-09-22T11:14:22,11,1.0000166666666666,1.0000166666666666,0.0,1–5 min
downtime_443,20220922,2022-09-22T00:00:00,2022-09-22T11:17:22,2022-09-22T11:18:22,11,1.0,1.0,0.0,1–5 min
downtime_444,20220922,2022-09-22T00:00:00,2022-09-22T11:20:52,2022-09-22T11:21:52,11,0.9983500000000001,0.9983500000000001,0.0,<1 min
downtime_445,20220922,2022-09-22T00:00:00,2022-09-22T11:26:22,2022-09-22T11:27:22,11,1.0,1.0,0.0,1–5 min
downtime_446,20220922,2022-09-22T00:00:00,2022-09-22T11:30:07,2022-09-22T11:31:07,11,1.0001,1.0001,0.0,1–5 min
downtime_447,20220922,2022-09-22T00:00:00,2022-09-22T11:32:07,2022-09-22T11:33:07,11,1.0000333333333333,1.0000333333333333,0.0,1–5 min
downtime_448,20220922,2022-09-22T00:00:00,2022-09-22T11:34:07,2022-09-22T11:35:07,11,1.0015833333333333,1.0015833333333333,0.0,1–5 min
downtime_449,20220922,2022-09-22T00:00:00,2022-09-22T11:42:12,2022-09-22T11:43:12,11,1.00175,1.00175,0.0,1–5 min
downtime_450,20220922,2022-09-22T00:00:00,2022-09-22T11:44:12,2022-09-22T11:45:12,11,0.9996666666666666,0.9996666666666666,0.0,<1 min
downtime_451,20220922,2022-09-22T00:00:00,2022-09-22T11:47:57,2022-09-22T11:48:57,11,0.9994833333333334,0.9994833333333334,0.0,<1 min
downtime_452,20220922,2022-09-22T00:00:00,2022-09-22T13:35:58,2022-09-22T13:37:28,13,1.5002166666666668,1.5002166666666668,0.0,1–5 min
downtime_453,20220922,2022-09-22T00:00:00,2022-09-22T13:42:13,2022-09-22T13:43:13,13,0.9997833333333334,0.9997833333333334,0.0,<1 min
downtime_454,20220922,2022-09-22T00:00:00,2022-09-22T13:52:28,2022-09-22T13:53:28,13,1.00025,1.00025,0.0,1–5 min
downtime_455,20220922,2022-09-22T00:00:00,2022-09-22T13:54:28,2022-09-22T13:55:28,13,1.00045,1.00045,0.0,1–5 min
downtime_456,20220922,2022-09-22T00:00:00,2022-09-22T13:57:58,2022-09-22T13:58:58,13,1.0003666666666666,1.0003666666666666,0.0,1–5 min
downtime_457,20220922,2022-09-22T00:00:00,2022-09-22T14:00:13,2022-09-22T14:00:58,14,0.75,0.75,0.0,<1 min
downtime_458,20220922,2022-09-22T00:00:00,2022-09-22T14:02:13,2022-09-22T14:03:13,14,1.00055,1.00055,0.0,1–5 min
downtime_459,20220922,2022-09-22T00:00:00,2022-09-22T14:04:13,2022-09-22T14:05:13,14,0.9990166666666667,0.9990166666666667,0.0,<1 min
downtime_460,20220922,2022-09-22T00:00:00,2022-09-22T14:07:58,2022-09-22T14:08:58,14,0.9995333333333334,0.9995333333333334,0.0,<1 min
downtime_461,20220922,2022-09-22T00:00:00,2022-09-22T14:14:13,2022-09-22T14:15:13,14,1.0000333333333333,1.0000333333333333,0.0,1–5 min
downtime_462,20220922,2022-09-22T00:00:00,2022-09-22T14:21:13,2022-09-22T14:22:13,14,0.9999333333333333,0.9999333333333333,0.0,<1 min
downtime_463,20220922,2022-09-22T00:00:00,2022-09-22T14:30:28,2022-09-22T14:31:28,14,1.0000166666666666,1.0000166666666666,0.0,1–5 min
downtime_464,20220922,2022-09-22T00:00:00,2022-09-22T14:34:13,2022-09-22T14:35:13,14,1.0000833333333334,1.0000833333333334,0.0,1–5 min
downtime_465,20220922,2022-09-22T00:00:00,2022-09-22T14:36:13,2022-09-22T14:37:13,14,1.0006166666666667,1.0006166666666667,0.0,1–5 min
downtime_466,20220922,2022-09-22T00:00:00,2022-09-22T14:42:13,2022-09-22T14:47:35,14,5.369316666666666,5.369316666666666,0.0,5–15 min
downtime_467,20220922,2022-09-22T00:00:00,2022-09-22T14:49:35,2022-09-22T15:25:20,14,35.75058333333333,35.75058333333333,0.0,15–60 min
downtime_468,20220922,2022-09-22T00:00:00,2022-09-22T15:28:05,2022-09-22T15:29:05,15,0.9999333333333333,0.9999333333333333,0.0,<1 min
downtime_469,20220922,2022-09-22T00:00:00,2022-09-22T15:30:05,2022-09-22T15:31:05,15,1.00005,1.00005,0.0,1–5 min
downtime_470,20220922,2022-09-22T00:00:00,2022-09-22T15:36:50,2022-09-22T15:37:50,15,1.0003166666666667,1.0003166666666667,0.0,1–5 min
downtime_471,20220922,2022-09-22T00:00:00,2022-09-22T15:38:50,2022-09-22T15:39:50,15,1.00025,1.00025,0.0,1–5 min
downtime_472,20220922,2022-09-22T00:00:00,2022-09-22T15:46:05,2022-09-22T15:47:05,15,1.00015,1.00015,0.0,1–5 min
downtime_473,20220922,2022-09-22T00:00:00,2022-09-22T15:48:05,2022-09-22T15:49:05,15,1.00005,1.00005,0.0,1–5 min
downtime_474,20220922,2022-09-22T00:00:00,2022-09-22T15:50:05,2022-09-22T15:51:05,15,1.0002,1.0002,0.0,1–5 min
downtime_475,20220922,2022-09-22T00:00:00,2022-09-22T15:52:05,2022-09-22T15:53:05,15,1.0003333333333333,1.0003333333333333,0.0,1–5 min
downtime_476,20220922,2022-09-22T00:00:00,2022-09-22T16:01:50,2022-09-22T16:03:35,16,1.74965,1.74965,0.0,1–5 min
downtime_477,20220922,2022-09-22T00:00:00,2022-09-22T16:11:50,2022-09-22T16:12:50,16,1.0,1.0,0.0,1–5 min
downtime_478,20220922,2022-09-22T00:00:00,2022-09-22T16:19:20,2022-09-22T16:20:20,16,1.0002333333333333,1.0002333333333333,0.0,1–5 min
downtime_479,20220922,2022-09-22T00:00:00,2022-09-22T16:25:20,2022-09-22T16:26:20,16,0.9999166666666667,0.9999166666666667,0.0,<1 min
downtime_480,20220928,2022-09-28T00:00:00,2022-09-28T14:42:28,2022-09-28T14:43:43,14,1.2504333333333333,1.2504333333333333,0.0,1–5 min
downtime_481,20220928,2022-09-28T00:00:00,2022-09-28T14:44:58,2022-09-28T14:45:58,14,1.0002833333333334,1.0002833333333334,0.0,1–5 min
downtime_482,20220928,2022-09-28T00:00:00,2022-09-28T14:49:13,2022-09-28T14:50:13,14,1.0026166666666667,1.0026166666666667,0.0,1–5 min
downtime_483,20220928,2022-09-28T00:00:00,2022-09-28T14:51:13,2022-09-28T14:52:43,14,1.49995,1.49995,0.0,1–5 min
downtime_484,20220928,2022-09-28T00:00:00,2022-09-28T14:56:43,2022-09-28T14:57:43,14,0.9999166666666667,0.9999166666666667,0.0,<1 min
downtime_485,20220928,2022-09-28T00:00:00,2022-09-28T15:04:43,2022-09-28T15:05:43,15,1.00005,1.00005,0.0,1–5 min
downtime_486,20220928,2022-09-28T00:00:00,2022-09-28T15:06:43,2022-09-28T15:07:43,15,1.0002333333333333,1.0002333333333333,0.0,1–5 min
downtime_487,20220928,2022-09-28T00:00:00,2022-09-28T15:09:58,2022-09-28T15:10:58,15,0.9999833333333333,0.9999833333333333,0.0,<1 min
downtime_488,20220928,2022-09-28T00:00:00,2022-09-28T15:11:58,2022-09-28T15:12:58,15,0.9993666666666667,0.9993666666666667,0.0,<1 min
downtime_489,20220928,2022-09-28T00:00:00,2022-09-28T15:15:43,2022-09-28T15:16:58,15,1.2501166666666668,1.2501166666666668,0.0,1–5 min
downtime_490,20220928,2022-09-28T00:00:00,2022-09-28T15:18:13,2022-09-28T15:19:13,15,0.9996833333333334,0.9996833333333334,0.0,<1 min
downtime_491,20220928,2022-09-28T00:00:00,2022-09-28T15:20:13,2022-09-28T15:21:13,15,1.0001,1.0001,0.0,1–5 min
downtime_492,20220928,2022-09-28T00:00:00,2022-09-28T15:22:28,2022-09-28T15:23:28,15,1.0000333333333333,1.0000333333333333,0.0,1–5 min
downtime_493,20220928,2022-09-28T00:00:00,2022-09-28T15:26:43,2022-09-28T15:27:43,15,1.0000666666666667,1.0000666666666667,0.0,1–5 min
downtime_494,20220928,2022-09-28T00:00:00,2022-09-28T15:28:43,2022-09-28T15:29:43,15,1.0000666666666667,1.0000666666666667,0.0,1–5 min
downtime_495,20220928,2022-09-28T00:00:00,2022-09-28T15:30:43,2022-09-28T15:31:43,15,1.0000833333333334,1.0000833333333334,0.0,1–5 min
downtime_496,20220928,2022-09-28T00:00:00,2022-09-28T15:34:43,2022-09-28T15:35:43,15,1.0003166666666667,1.0003166666666667,0.0,1–5 min
downtime_497,20220928,2022-09-28T00:00:00,2022-09-28T15:38:58,2022-09-28T15:39:58,15,1.0003166666666667,1.0003166666666667,0.0,1–5 min
downtime_498,20220928,2022-09-28T00:00:00,2022-09-28T15:44:58,2022-09-28T17:53:29,15,128.5058,128.5058,0.0,60+ min
downtime_499,20220928,2022-09-28T00:00:00,2022-09-28T17:54:44,2022-09-28T17:58:44,17,4.000183333333333,4.000183333333333,0.0,1–5 min
downtime_500,20220928,2022-09-28T00:00:00,2022-09-28T18:00:14,2022-09-28T18:03:14,18,3.0001166666666665,3.0001166666666665,0.0,1–5 min
downtime_501,20220928,2022-09-28T00:00:00,2022-09-28T18:04:14,2022-09-28T18:06:59,18,2.7499833333333332,2.7499833333333332,0.0,1–5 min
downtime_502,20220928,2022-09-28T00:00:00,2022-09-28T18:07:59,2022-09-28T18:10:14,18,2.25045,2.25045,0.0,1–5 min
downtime_503,20220928,2022-09-28T00:00:00,2022-09-28T18:12:14,2022-09-28T18:14:14,18,2.0001166666666665,2.0001166666666665,0.0,1–5 min
downtime_504,20220928,2022-09-28T00:00:00,2022-09-28T18:15:14,2022-09-28T18:18:29,18,3.2501333333333333,3.2501333333333333,0.0,1–5 min
downtime_505,20220928,2022-09-28T00:00:00,2022-09-28T18:19:44,2022-09-28T18:22:44,18,3.0001499999999997,3.0001499999999997,0.0,1–5 min
downtime_506,20220928,2022-09-28T00:00:00,2022-09-28T18:23:59,2022-09-28T18:27:14,18,3.2501666666666664,3.2501666666666664,0.0,1–5 min
downtime_507,20221007,2022-10-07T00:00:00,2022-10-07T13:53:39,2022-10-07T13:54:54,13,1.2510000000000001,1.2510000000000001,0.0,1–5 min
downtime_508,20221007,2022-10-07T00:00:00,2022-10-07T13:57:39,2022-10-07T13:58:39,13,1.0,1.0,0.0,1–5 min
downtime_509,20221007,2022-10-07T00:00:00,2022-10-07T13:59:24,2022-10-07T14:00:24,13,1.0000666666666667,1.0000666666666667,0.0,1–5 min
downtime_510,20221007,2022-10-07T00:00:00,2022-10-07T14:02:24,2022-10-07T14:03:39,14,1.2498333333333334,1.2498333333333334,0.0,1–5 min
downtime_511,20221007,2022-10-07T00:00:00,2022-10-07T14:05:54,2022-10-07T14:06:54,14,1.0018666666666667,1.0018666666666667,0.0,1–5 min
downtime_512,20221007,2022-10-07T00:00:00,2022-10-07T14:07:39,2022-10-07T14:08:39,14,0.9998166666666666,0.9998166666666666,0.0,<1 min
downtime_513,20221007,2022-10-07T00:00:00,2022-10-07T14:09:39,2022-10-07T14:10:39,14,0.9963333333333334,0.9963333333333334,0.0,<1 min
downtime_514,20221007,2022-10-07T00:00:00,2022-10-07T14:11:24,2022-10-07T14:12:24,14,0.9996666666666666,0.9996666666666666,0.0,<1 min
downtime_515,20221007,2022-10-07T00:00:00,2022-10-07T14:13:09,2022-10-07T14:14:39,14,1.4999666666666667,1.4999666666666667,0.0,1–5 min
downtime_516,20221007,2022-10-07T00:00:00,2022-10-07T14:17:39,2022-10-07T14:18:39,14,1.0000333333333333,1.0000333333333333,0.0,1–5 min
downtime_517,20221007,2022-10-07T00:00:00,2022-10-07T14:21:24,2022-10-07T14:22:24,14,0.9992833333333333,0.9992833333333333,0.0,<1 min
downtime_518,20221007,2022-10-07T00:00:00,2022-10-07T14:23:24,2022-10-07T14:24:24,14,1.00005,1.00005,0.0,1–5 min
downtime_519,20221007,2022-10-07T00:00:00,2022-10-07T14:28:39,2022-10-07T14:31:24,14,2.7492333333333336,2.7492333333333336,0.0,1–5 min
downtime_520,20221007,2022-10-07T00:00:00,2022-10-07T14:32:39,2022-10-07T14:33:39,14,1.0007666666666666,1.0007666666666666,0.0,1–5 min
downtime_521,20221007,2022-10-07T00:00:00,2022-10-07T14:34:39,2022-10-07T14:35:39,14,0.9913833333333333,0.9913833333333333,0.0,<1 min
downtime_522,20221007,2022-10-07T00:00:00,2022-10-07T14:38:09,2022-10-07T14:39:24,14,1.2502666666666669,1.2502666666666669,0.0,1–5 min
downtime_523,20221007,2022-10-07T00:00:00,2022-10-07T14:40:24,2022-10-07T14:41:24,14,1.0000666666666667,1.0000666666666667,0.0,1–5 min
downtime_524,20221007,2022-10-07T00:00:00,2022-10-07T14:46:39,2022-10-07T14:47:39,14,1.0005166666666667,1.0005166666666667,0.0,1–5 min
downtime_525,20221007,2022-10-07T00:00:00,2022-10-07T14:48:39,2022-10-07T14:49:54,14,1.25,1.25,0.0,1–5 min
downtime_526,20221007,2022-10-07T00:00:00,2022-10-07T14:50:54,2022-10-07T14:52:09,14,1.2512333333333332,1.2512333333333332,0.0,1–5 min
downtime_527,20221007,2022-10-07T00:00:00,2022-10-07T14:52:54,2022-10-07T15:05:24,14,12.500583333333333,12.500583333333333,0.0,5–15 min
downtime_528,20221007,2022-10-07T00:00:00,2022-10-07T15:07:39,2022-10-07T15:08:54,15,1.2524000000000002,1.2524000000000002,0.0,1–5 min
downtime_529,20221007,2022-10-07T00:00:00,2022-10-07T15:09:54,2022-10-07T15:11:09,15,1.2522666666666666,1.2522666666666666,0.0,1–5 min
downtime_530,20221007,2022-10-07T00:00:00,2022-10-07T15:11:54,2022-10-07T15:13:09,15,1.2494833333333333,1.2494833333333333,0.0,1–5 min
downtime_531,20221007,2022-10-07T00:00:00,2022-10-07T15:14:09,2022-10-07T15:15:54,15,1.7501166666666668,1.7501166666666668,0.0,1–5 min
downtime_532,20221007,2022-10-07T00:00:00,2022-10-07T15:16:39,2022-10-07T15:18:09,15,1.50005,1.50005,0.0,1–5 min
downtime_533,20221007,2022-10-07T00:00:00,2022-10-07T15:19:24,2022-10-07T15:21:09,15,1.7501,1.7501,0.0,1–5 min
downtime_534,20221007,2022-10-07T00:00:00,2022-10-07T15:21:54,2022-10-07T15:22:54,15,0.9990666666666667,0.9990666666666667,0.0,<1 min
downtime_535,20221007,2022-10-07T00:00:00,2022-10-07T15:23:54,2022-10-07T15:25:24,15,1.4998666666666667,1.4998666666666667,0.0,1–5 min
downtime_536,20221007,2022-10-07T00:00:00,2022-10-07T15:26:09,2022-10-07T15:27:39,15,1.5000666666666667,1.5000666666666667,0.0,1–5 min
downtime_537,20221007,2022-10-07T00:00:00,2022-10-07T15:28:39,2022-10-07T15:29:54,15,1.2500666666666667,1.2500666666666667,0.0,1–5 min
downtime_538,20221007,2022-10-07T00:00:00,2022-10-07T15:30:54,2022-10-07T15:32:24,15,1.49995,1.49995,0.0,1–5 min
downtime_539,20221007,2022-10-07T00:00:00,2022-10-07T15:33:24,2022-10-07T15:34:54,15,1.5016333333333334,1.5016333333333334,0.0,1–5 min
downtime_540,20221007,2022-10-07T00:00:00,2022-10-07T15:35:54,2022-10-07T15:37:09,15,1.2505,1.2505,0.0,1–5 min
downtime_541,20221007,2022-10-07T00:00:00,2022-10-07T15:39:09,2022-10-07T15:40:09,15,1.0007666666666666,1.0007666666666666,0.0,1–5 min
downtime_542,20221007,2022-10-07T00:00:00,2022-10-07T15:41:09,2022-10-07T15:42:24,15,1.2498833333333332,1.2498833333333332,0.0,1–5 min
downtime_543,20221007,2022-10-07T00:00:00,2022-10-07T15:43:39,2022-10-07T15:44:54,15,1.2497,1.2497,0.0,1–5 min
downtime_544,20221007,2022-10-07T00:00:00,2022-10-07T15:45:54,2022-10-07T15:47:09,15,1.2502333333333333,1.2502333333333333,0.0,1–5 min
downtime_545,20221007,2022-10-07T00:00:00,2022-10-07T15:48:09,2022-10-07T15:49:24,15,1.2499,1.2499,0.0,1–5 min
downtime_546,20221007,2022-10-07T00:00:00,2022-10-07T15:50:39,2022-10-07T15:51:39,15,0.9997833333333334,0.9997833333333334,0.0,<1 min
downtime_547,20221007,2022-10-07T00:00:00,2022-10-07T15:53:39,2022-10-07T15:56:54,15,3.2512166666666666,3.2512166666666666,0.0,1–5 min
downtime_548,20221007,2022-10-07T00:00:00,2022-10-07T15:58:09,2022-10-07T16:11:09,15,13.000583333333333,13.000583333333333,0.0,5–15 min
downtime_549,20221007,2022-10-07T00:00:00,2022-10-07T16:11:54,2022-10-07T16:12:54,16,1.0001833333333334,1.0001833333333334,0.0,1–5 min
downtime_550,20221007,2022-10-07T00:00:00,2022-10-07T16:13:54,2022-10-07T16:15:09,16,1.2501333333333333,1.2501333333333333,0.0,1–5 min
downtime_551,20221007,2022-10-07T00:00:00,2022-10-07T16:17:09,2022-10-07T16:21:09,16,3.9999833333333332,3.9999833333333332,0.0,1–5 min
downtime_552,20221007,2022-10-07T00:00:00,2022-10-07T16:23:24,2022-10-07T16:25:09,16,1.7473833333333333,1.7473833333333333,0.0,1–5 min
downtime_553,20221007,2022-10-07T00:00:00,2022-10-07T16:26:54,2022-10-07T16:28:54,16,2.0001,2.0001,0.0,1–5 min
downtime_554,20221007,2022-10-07T00:00:00,2022-10-07T16:30:24,2022-10-07T16:32:09,16,1.7498833333333332,1.7498833333333332,0.0,1–5 min
downtime_555,20221007,2022-10-07T00:00:00,2022-10-07T16:33:24,2022-10-07T16:35:09,16,1.75065,1.75065,0.0,1–5 min
downtime_556,20221007,2022-10-07T00:00:00,2022-10-07T16:36:24,2022-10-07T16:38:09,16,1.7503666666666668,1.7503666666666668,0.0,1–5 min
downtime_557,20221007,2022-10-07T00:00:00,2022-10-07T16:39:39,2022-10-07T16:41:09,16,1.50005,1.50005,0.0,1–5 min
downtime_558,20221007,2022-10-07T00:00:00,2022-10-07T16:42:39,2022-10-07T16:44:24,16,1.7500833333333332,1.7500833333333332,0.0,1–5 min
downtime_559,20221007,2022-10-07T00:00:00,2022-10-07T16:45:39,2022-10-07T16:47:39,16,2.0001166666666665,2.0001166666666665,0.0,1–5 min
downtime_560,20221007,2022-10-07T00:00:00,2022-10-07T16:49:09,2022-10-07T16:50:54,16,1.7501,1.7501,0.0,1–5 min
downtime_561,20221007,2022-10-07T00:00:00,2022-10-07T16:52:24,2022-10-07T16:53:39,16,1.25005,1.25005,0.0,1–5 min
downtime_562,20221007,2022-10-07T00:00:00,2022-10-07T16:59:54,2022-10-07T17:12:09,16,12.247883333333334,12.247883333333334,0.0,5–15 min
downtime_563,20221007,2022-10-07T00:00:00,2022-10-07T17:14:24,2022-10-07T17:15:54,17,1.5000333333333333,1.5000333333333333,0.0,1–5 min
downtime_564,20221007,2022-10-07T00:00:00,2022-10-07T17:17:09,2022-10-07T17:18:09,17,1.0,1.0,0.0,1–5 min
downtime_565,20221007,2022-10-07T00:00:00,2022-10-07T17:19:09,2022-10-07T17:20:09,17,1.0007166666666667,1.0007166666666667,0.0,1–5 min
downtime_566,20221007,2022-10-07T00:00:00,2022-10-07T17:23:24,2022-10-07T17:25:54,17,2.5005499999999996,2.5005499999999996,0.0,1–5 min
downtime_567,20221007,2022-10-07T00:00:00,2022-10-07T17:27:24,2022-10-07T17:30:24,17,2.9996666666666667,2.9996666666666667,0.0,1–5 min
downtime_568,20221010,2022-10-10T00:00:00,2022-10-10T13:47:42,2022-10-10T13:48:42,13,0.9997833333333334,0.9997833333333334,0.0,<1 min
downtime_569,20221010,2022-10-10T00:00:00,2022-10-10T13:49:42,2022-10-10T13:50:42,13,0.9945333333333333,0.9945333333333333,0.0,<1 min
downtime_570,20221010,2022-10-10T00:00:00,2022-10-10T13:51:42,2022-10-10T13:52:57,13,1.2499166666666668,1.2499166666666668,0.0,1–5 min
downtime_571,20221010,2022-10-10T00:00:00,2022-10-10T13:53:42,2022-10-10T13:55:12,13,1.5002666666666669,1.5002666666666669,0.0,1–5 min
downtime_572,20221010,2022-10-10T00:00:00,2022-10-10T13:55:57,2022-10-10T13:57:12,13,1.2502166666666668,1.2502166666666668,0.0,1–5 min
downtime_573,20221010,2022-10-10T00:00:00,2022-10-10T13:58:42,2022-10-10T13:59:57,13,1.2503833333333332,1.2503833333333332,0.0,1–5 min
downtime_574,20221010,2022-10-10T00:00:00,2022-10-10T14:02:42,2022-10-10T14:03:42,14,0.9977833333333332,0.9977833333333332,0.0,<1 min
downtime_575,20221010,2022-10-10T00:00:00,2022-10-10T14:04:27,2022-10-10T14:05:42,14,1.2498333333333334,1.2498333333333334,0.0,1–5 min
downtime_576,20221010,2022-10-10T00:00:00,2022-10-10T14:07:12,2022-10-10T14:08:12,14,0.99975,0.99975,0.0,<1 min
downtime_577,20221010,2022-10-10T00:00:00,2022-10-10T14:09:12,2022-10-10T14:10:27,14,1.2500666666666667,1.2500666666666667,0.0,1–5 min
downtime_578,20221010,2022-10-10T00:00:00,2022-10-10T14:11:12,2022-10-10T14:12:42,14,1.4999,1.4999,0.0,1–5 min
downtime_579,20221010,2022-10-10T00:00:00,2022-10-10T14:13:43,2022-10-10T14:15:12,14,1.4712833333333333,1.4712833333333333,0.0,1–5 min
downtime_580,20221010,2022-10-10T00:00:00,2022-10-10T14:16:27,2022-10-10T14:17:57,14,1.4998166666666668,1.4998166666666668,0.0,1–5 min
downtime_581,20221010,2022-10-10T00:00:00,2022-10-10T14:18:57,2022-10-10T14:20:27,14,1.50005,1.50005,0.0,1–5 min
downtime_582,20221010,2022-10-10T00:00:00,2022-10-10T14:21:27,2022-10-10T14:22:42,14,1.2516,1.2516,0.0,1–5 min
downtime_583,20221010,2022-10-10T00:00:00,2022-10-10T14:23:42,2022-10-10T14:24:57,14,1.2497666666666667,1.2497666666666667,0.0,1–5 min
downtime_584,20221010,2022-10-10T00:00:00,2022-10-10T14:25:42,2022-10-10T14:26:42,14,1.0002833333333334,1.0002833333333334,0.0,1–5 min
downtime_585,20221010,2022-10-10T00:00:00,2022-10-10T14:30:42,2022-10-10T14:44:57,14,14.2509,14.2509,0.0,5–15 min
downtime_586,20221010,2022-10-10T00:00:00,2022-10-10T14:49:42,2022-10-10T14:50:57,14,1.2497333333333331,1.2497333333333331,0.0,1–5 min
downtime_587,20221010,2022-10-10T00:00:00,2022-10-10T14:53:42,2022-10-10T14:54:42,14,1.0007833333333334,1.0007833333333334,0.0,1–5 min
downtime_588,20221010,2022-10-10T00:00:00,2022-10-10T15:58:27,2022-10-10T16:02:12,15,3.749216666666667,3.749216666666667,0.0,1–5 min
downtime_589,20221010,2022-10-10T00:00:00,2022-10-10T16:03:27,2022-10-10T16:06:12,16,2.750183333333333,2.750183333333333,0.0,1–5 min
downtime_590,20221010,2022-10-10T00:00:00,2022-10-10T16:07:12,2022-10-10T16:10:27,16,3.2506833333333334,3.2506833333333334,0.0,1–5 min
downtime_591,20221010,2022-10-10T00:00:00,2022-10-10T16:11:42,2022-10-10T16:14:57,16,3.2501666666666664,3.2501666666666664,0.0,1–5 min
downtime_592,20221010,2022-10-10T00:00:00,2022-10-10T16:16:27,2022-10-10T16:19:57,16,3.498183333333333,3.498183333333333,0.0,1–5 min
downtime_593,20221010,2022-10-10T00:00:00,2022-10-10T16:20:42,2022-10-10T16:21:42,16,1.0000333333333333,1.0000333333333333,0.0,1–5 min
downtime_594,20221010,2022-10-10T00:00:00,2022-10-10T16:22:27,2022-10-10T16:24:42,16,2.2497333333333334,2.2497333333333334,0.0,1–5 min
downtime_595,20221010,2022-10-10T00:00:00,2022-10-10T16:25:27,2022-10-10T16:30:27,16,4.99965,4.99965,0.0,1–5 min
downtime_596,20221010,2022-10-10T00:00:00,2022-10-10T16:32:12,2022-10-10T16:33:42,16,1.5005833333333334,1.5005833333333334,0.0,1–5 min
downtime_597,20221010,2022-10-10T00:00:00,2022-10-10T16:36:42,2022-10-10T16:37:57,16,1.2528333333333335,1.2528333333333335,0.0,1–5 min
downtime_598,20221011,2022-10-11T00:00:00,2022-10-11T11:06:17,2022-10-11T11:08:47,11,2.5007666666666664,2.5007666666666664,0.0,1–5 min
downtime_599,20221011,2022-10-11T00:00:00,2022-10-11T11:10:02,2022-10-11T11:11:47,11,1.7470333333333334,1.7470333333333334,0.0,1–5 min
downtime_600,20221011,2022-10-11T00:00:00,2022-10-11T11:13:32,2022-10-11T11:15:32,11,2.00005,2.00005,0.0,1–5 min
downtime_601,20221011,2022-10-11T00:00:00,2022-10-11T11:16:47,2022-10-11T11:19:17,11,2.4994666666666663,2.4994666666666663,0.0,1–5 min
downtime_602,20221011,2022-10-11T00:00:00,2022-10-11T11:20:17,2022-10-11T11:22:17,11,1.99985,1.99985,0.0,1–5 min
downtime_603,20221011,2022-10-11T00:00:00,2022-10-11T11:23:32,2022-10-11T11:25:17,11,1.7428166666666667,1.7428166666666667,0.0,1–5 min
downtime_604,20221011,2022-10-11T00:00:00,2022-10-11T11:26:17,2022-10-11T11:28:17,11,1.9963166666666665,1.9963166666666665,0.0,1–5 min
downtime_605,20221011,2022-10-11T00:00:00,2022-10-11T11:29:32,2022-10-11T11:31:32,11,2.00025,2.00025,0.0,1–5 min
downtime_606,20221011,2022-10-11T00:00:00,2022-10-11T11:32:47,2022-10-11T11:35:17,11,2.5002166666666668,2.5002166666666668,0.0,1–5 min
downtime_607,20221011,2022-10-11T00:00:00,2022-10-11T11:37:32,2022-10-11T11:39:02,11,1.5006666666666668,1.5006666666666668,0.0,1–5 min
downtime_608,20221011,2022-10-11T00:00:00,2022-10-11T11:40:17,2022-10-11T11:42:32,11,2.2508666666666666,2.2508666666666666,0.0,1–5 min
downtime_609,20221011,2022-10-11T00:00:00,2022-10-11T11:44:02,2022-10-11T11:46:32,11,2.4999,2.4999,0.0,1–5 min
downtime_610,20221011,2022-10-11T00:00:00,2022-10-11T11:47:47,2022-10-11T11:50:17,11,2.4999666666666664,2.4999666666666664,0.0,1–5 min
downtime_611,20221011,2022-10-11T00:00:00,2022-10-11T11:51:49,2022-10-11T11:54:17,11,2.4710666666666667,2.4710666666666667,0.0,1–5 min
downtime_612,20221011,2022-10-11T00:00:00,2022-10-11T11:55:32,2022-10-11T11:58:32,11,3.0084,3.0084,0.0,1–5 min
downtime_613,20221011,2022-10-11T00:00:00,2022-10-11T12:00:02,2022-10-11T12:02:47,12,2.7495166666666666,2.7495166666666666,0.0,1–5 min
downtime_614,20221011,2022-10-11T00:00:00,2022-10-11T12:04:17,2022-10-11T12:07:17,12,3.0037499999999997,3.0037499999999997,0.0,1–5 min
downtime_615,20221011,2022-10-11T00:00:00,2022-10-11T12:08:32,2022-10-11T12:10:47,12,2.2499,2.2499,0.0,1–5 min
downtime_616,20221011,2022-10-11T00:00:00,2022-10-11T12:12:17,2022-10-11T12:15:02,12,2.7497833333333332,2.7497833333333332,0.0,1–5 min
downtime_617,20221011,2022-10-11T00:00:00,2022-10-11T12:16:47,2022-10-11T12:18:32,12,1.7450833333333333,1.7450833333333333,0.0,1–5 min
downtime_618,20221011,2022-10-11T00:00:00,2022-10-11T12:19:32,2022-10-11T12:21:32,12,2.0006166666666667,2.0006166666666667,0.0,1–5 min
downtime_619,20221011,2022-10-11T00:00:00,2022-10-11T12:25:02,2022-10-11T12:26:17,12,1.2472999999999999,1.2472999999999999,0.0,1–5 min
downtime_620,20221011,2022-10-11T00:00:00,2022-10-11T12:28:02,2022-10-11T12:30:02,12,2.0006333333333335,2.0006333333333335,0.0,1–5 min
downtime_621,20221013,2022-10-13T00:00:00,2022-10-13T10:38:10,2022-10-13T10:39:10,10,1.0000833333333334,1.0000833333333334,0.0,1–5 min
downtime_622,20221013,2022-10-13T00:00:00,2022-10-13T10:43:55,2022-10-13T10:44:55,10,1.0001,1.0001,0.0,1–5 min
downtime_623,20221013,2022-10-13T00:00:00,2022-10-13T10:56:55,2022-10-13T10:57:55,10,1.0000666666666667,1.0000666666666667,0.0,1–5 min
downtime_624,20221013,2022-10-13T00:00:00,2022-10-13T10:59:10,2022-10-13T11:00:10,10,1.0017,1.0017,0.0,1–5 min
downtime_625,20221013,2022-10-13T00:00:00,2022-10-13T11:03:10,2022-10-13T11:04:10,11,0.9999333333333333,0.9999333333333333,0.0,<1 min
downtime_626,20221013,2022-10-13T00:00:00,2022-10-13T11:07:40,2022-10-13T11:08:40,11,1.0015,1.0015,0.0,1–5 min
downtime_627,20221013,2022-10-13T00:00:00,2022-10-13T11:13:25,2022-10-13T11:14:25,11,0.9986166666666667,0.9986166666666667,0.0,<1 min
downtime_628,20221013,2022-10-13T00:00:00,2022-10-13T11:15:40,2022-10-13T11:16:40,11,1.0002,1.0002,0.0,1–5 min
downtime_629,20221013,2022-10-13T00:00:00,2022-10-13T11:17:48,2022-10-13T11:19:03,11,1.2500666666666667,1.2500666666666667,0.0,1–5 min
downtime_630,20221013,2022-10-13T00:00:00,2022-10-13T11:20:18,2022-10-13T11:21:18,11,0.9996166666666666,0.9996166666666666,0.0,<1 min
downtime_631,20221013,2022-10-13T00:00:00,2022-10-13T11:24:33,2022-10-13T11:25:33,11,1.00015,1.00015,0.0,1–5 min
downtime_632,20221013,2022-10-13T00:00:00,2022-10-13T11:26:48,2022-10-13T11:27:48,11,0.9982166666666666,0.9982166666666666,0.0,<1 min
downtime_633,20221013,2022-10-13T00:00:00,2022-10-13T11:29:03,2022-10-13T11:30:03,11,1.0015666666666667,1.0015666666666667,0.0,1–5 min
downtime_634,20221013,2022-10-13T00:00:00,2022-10-13T11:31:18,2022-10-13T11:32:18,11,1.00005,1.00005,0.0,1–5 min
downtime_635,20221013,2022-10-13T00:00:00,2022-10-13T11:33:33,2022-10-13T11:34:33,11,1.0014166666666666,1.0014166666666666,0.0,1–5 min
downtime_636,20221013,2022-10-13T00:00:00,2022-10-13T11:35:48,2022-10-13T11:36:48,11,1.0034166666666666,1.0034166666666666,0.0,1–5 min
downtime_637,20221013,2022-10-13T00:00:00,2022-10-13T11:46:03,2022-10-13T11:47:03,11,1.00025,1.00025,0.0,1–5 min
downtime_638,20221013,2022-10-13T00:00:00,2022-10-13T11:48:03,2022-10-13T11:49:03,11,1.0,1.0,0.0,1–5 min
downtime_639,20221013,2022-10-13T00:00:00,2022-10-13T11:50:18,2022-10-13T11:51:18,11,1.0070166666666667,1.0070166666666667,0.0,1–5 min
downtime_640,20221013,2022-10-13T00:00:00,2022-10-13T11:54:18,2022-10-13T11:55:18,11,0.99965,0.99965,0.0,<1 min
downtime_641,20221013,2022-10-13T00:00:00,2022-10-13T11:56:33,2022-10-13T11:57:33,11,0.9997166666666666,0.9997166666666666,0.0,<1 min
downtime_642,20221013,2022-10-13T00:00:00,2022-10-13T11:58:33,2022-10-13T11:59:33,11,1.0006833333333334,1.0006833333333334,0.0,1–5 min
downtime_643,20221013,2022-10-13T00:00:00,2022-10-13T13:43:03,2022-10-13T13:44:18,13,1.25105,1.25105,0.0,1–5 min
downtime_644,20221013,2022-10-13T00:00:00,2022-10-13T13:45:18,2022-10-13T13:46:18,13,0.9999666666666667,0.9999666666666667,0.0,<1 min
downtime_645,20221013,2022-10-13T00:00:00,2022-10-13T13:47:49,2022-10-13T13:49:03,13,1.2455833333333333,1.2455833333333333,0.0,1–5 min
downtime_646,20221013,2022-10-13T00:00:00,2022-10-13T13:50:33,2022-10-13T13:54:03,13,3.500316666666667,3.500316666666667,0.0,1–5 min
downtime_647,20221013,2022-10-13T00:00:00,2022-10-13T13:56:04,2022-10-13T13:57:18,13,1.2469666666666666,1.2469666666666666,0.0,1–5 min
downtime_648,20221013,2022-10-13T00:00:00,2022-10-13T15:01:19,2022-10-13T15:02:34,15,1.2502666666666669,1.2502666666666669,0.0,1–5 min
downtime_649,20221013,2022-10-13T00:00:00,2022-10-13T15:03:49,2022-10-13T15:06:04,15,2.2507666666666664,2.2507666666666664,0.0,1–5 min
downtime_650,20221013,2022-10-13T00:00:00,2022-10-13T15:08:04,2022-10-13T15:10:19,15,2.24265,2.24265,0.0,1–5 min
downtime_651,20221013,2022-10-13T00:00:00,2022-10-13T15:12:49,2022-10-13T15:13:49,15,0.9999333333333333,0.9999333333333333,0.0,<1 min
downtime_652,20221013,2022-10-13T00:00:00,2022-10-13T15:15:04,2022-10-13T15:17:49,15,2.74705,2.74705,0.0,1–5 min
downtime_653,20221013,2022-10-13T00:00:00,2022-10-13T15:18:49,2022-10-13T15:21:19,15,2.5009333333333337,2.5009333333333337,0.0,1–5 min
downtime_654,20221013,2022-10-13T00:00:00,2022-10-13T15:26:49,2022-10-13T15:28:04,15,1.2519833333333332,1.2519833333333332,0.0,1–5 min
downtime_655,20221013,2022-10-13T00:00:00,2022-10-13T15:29:19,2022-10-13T15:32:04,15,2.7506333333333335,2.7506333333333335,0.0,1–5 min
downtime_656,20221013,2022-10-13T00:00:00,2022-10-13T15:33:19,2022-10-13T15:35:34,15,2.2476833333333333,2.2476833333333333,0.0,1–5 min
downtime_657,20221013,2022-10-13T00:00:00,2022-10-13T15:37:04,2022-10-13T15:39:34,15,2.5000833333333334,2.5000833333333334,0.0,1–5 min
downtime_658,20221013,2022-10-13T00:00:00,2022-10-13T15:40:49,2022-10-13T15:43:19,15,2.496766666666667,2.496766666666667,0.0,1–5 min
downtime_659,20221013,2022-10-13T00:00:00,2022-10-13T15:44:19,2022-10-13T15:46:04,15,1.7501,1.7501,0.0,1–5 min
downtime_660,20221013,2022-10-13T00:00:00,2022-10-13T15:47:19,2022-10-13T15:49:34,15,2.2501499999999997,2.2501499999999997,0.0,1–5 min
downtime_661,20221013,2022-10-13T00:00:00,2022-10-13T15:58:19,2022-10-13T16:01:04,15,2.7502666666666666,2.7502666666666666,0.0,1–5 min
downtime_662,20221013,2022-10-13T00:00:00,2022-10-13T16:02:34,2022-10-13T16:04:49,16,2.2500166666666668,2.2500166666666668,0.0,1–5 min
downtime_663,20221013,2022-10-13T00:00:00,2022-10-13T16:06:04,2022-10-13T16:08:49,16,2.7501166666666665,2.7501166666666665,0.0,1–5 min
downtime_664,20221013,2022-10-13T00:00:00,2022-10-13T16:11:34,2022-10-13T16:14:49,16,3.253833333333333,3.253833333333333,0.0,1–5 min
downtime_665,20221013,2022-10-13T00:00:00,2022-10-13T16:16:19,2022-10-13T16:18:19,16,2.0002833333333334,2.0002833333333334,0.0,1–5 min
downtime_666,20221013,2022-10-13T00:00:00,2022-10-13T16:19:19,2022-10-13T16:21:49,16,2.5001166666666665,2.5001166666666665,0.0,1–5 min
downtime_667,20221013,2022-10-13T00:00:00,2022-10-13T16:22:49,2022-10-13T16:24:34,16,1.7498666666666667,1.7498666666666667,0.0,1–5 min
downtime_668,20221013,2022-10-13T00:00:00,2022-10-13T16:25:49,2022-10-13T16:26:49,16,1.0,1.0,0.0,1–5 min
downtime_669,20221013,2022-10-13T00:00:00,2022-10-13T16:28:49,2022-10-13T16:30:04,16,1.25055,1.25055,0.0,1–5 min
downtime_670,20221020,2022-10-20T00:00:00,2022-10-20T15:03:25,2022-10-20T15:16:25,15,13.00025,13.00025,0.0,5–15 min
downtime_671,20221020,2022-10-20T00:00:00,2022-10-20T15:49:55,2022-10-20T15:50:55,15,1.0003333333333333,1.0003333333333333,0.0,1–5 min
downtime_672,20221024,2022-10-24T00:00:00,2022-10-24T13:53:29,2022-10-24T13:54:29,13,1.0008000000000001,1.0008000000000001,0.0,1–5 min
downtime_673,20221024,2022-10-24T00:00:00,2022-10-24T13:57:44,2022-10-24T13:59:14,13,1.4968666666666666,1.4968666666666666,0.0,1–5 min
downtime_674,20221024,2022-10-24T00:00:00,2022-10-24T14:00:29,2022-10-24T14:01:59,14,1.4999166666666668,1.4999166666666668,0.0,1–5 min
downtime_675,20221024,2022-10-24T00:00:00,2022-10-24T14:02:59,2022-10-24T14:04:14,14,1.2501166666666668,1.2501166666666668,0.0,1–5 min
downtime_676,20221024,2022-10-24T00:00:00,2022-10-24T14:05:44,2022-10-24T14:06:44,14,0.9995833333333334,0.9995833333333334,0.0,<1 min
downtime_677,20221024,2022-10-24T00:00:00,2022-10-24T14:07:29,2022-10-24T14:08:29,14,1.0019833333333332,1.0019833333333332,0.0,1–5 min
downtime_678,20221024,2022-10-24T00:00:00,2022-10-24T14:09:29,2022-10-24T14:10:29,14,0.9995166666666666,0.9995166666666666,0.0,<1 min
downtime_679,20221024,2022-10-24T00:00:00,2022-10-24T14:11:44,2022-10-24T14:12:44,14,0.9994666666666667,0.9994666666666667,0.0,<1 min
downtime_680,20221024,2022-10-24T00:00:00,2022-10-24T14:13:44,2022-10-24T14:14:59,14,1.2501,1.2501,0.0,1–5 min
downtime_681,20221024,2022-10-24T00:00:00,2022-10-24T14:15:59,2022-10-24T14:17:29,14,1.50025,1.50025,0.0,1–5 min
downtime_682,20221024,2022-10-24T00:00:00,2022-10-24T14:18:29,2022-10-24T14:19:29,14,0.99995,0.99995,0.0,<1 min
downtime_683,20221024,2022-10-24T00:00:00,2022-10-24T14:20:44,2022-10-24T14:22:14,14,1.50005,1.50005,0.0,1–5 min
downtime_684,20221024,2022-10-24T00:00:00,2022-10-24T14:23:14,2022-10-24T14:24:29,14,1.2499666666666667,1.2499666666666667,0.0,1–5 min
downtime_685,20221024,2022-10-24T00:00:00,2022-10-24T14:25:44,2022-10-24T14:26:59,14,1.2500666666666667,1.2500666666666667,0.0,1–5 min
downtime_686,20221024,2022-10-24T00:00:00,2022-10-24T14:28:14,2022-10-24T14:29:29,14,1.2498,1.2498,0.0,1–5 min
downtime_687,20221024,2022-10-24T00:00:00,2022-10-24T14:30:44,2022-10-24T14:31:59,14,1.2500666666666667,1.2500666666666667,0.0,1–5 min
downtime_688,20221024,2022-10-24T00:00:00,2022-10-24T14:33:14,2022-10-24T14:34:29,14,1.2494,1.2494,0.0,1–5 min
downtime_689,20221024,2022-10-24T00:00:00,2022-10-24T14:35:29,2022-10-24T14:36:44,14,1.2485,1.2485,0.0,1–5 min
downtime_690,20221024,2022-10-24T00:00:00,2022-10-24T14:37:44,2022-10-24T14:38:44,14,1.0004666666666666,1.0004666666666666,0.0,1–5 min
downtime_691,20221024,2022-10-24T00:00:00,2022-10-24T14:39:59,2022-10-24T14:41:14,14,1.2502,1.2502,0.0,1–5 min
downtime_692,20221024,2022-10-24T00:00:00,2022-10-24T14:42:29,2022-10-24T14:43:44,14,1.2496166666666668,1.2496166666666668,0.0,1–5 min
downtime_693,20221024,2022-10-24T00:00:00,2022-10-24T14:44:59,2022-10-24T14:45:59,14,0.9996166666666666,0.9996166666666666,0.0,<1 min
downtime_694,20221024,2022-10-24T00:00:00,2022-10-24T14:47:14,2022-10-24T14:48:29,14,1.2539166666666666,1.2539166666666666,0.0,1–5 min
downtime_695,20221024,2022-10-24T00:00:00,2022-10-24T14:49:29,2022-10-24T14:51:29,14,2.000183333333333,2.000183333333333,0.0,1–5 min
downtime_696,20221024,2022-10-24T00:00:00,2022-10-24T14:58:44,2022-10-24T14:59:44,14,1.0005166666666667,1.0005166666666667,0.0,1–5 min
downtime_697,20221024,2022-10-24T00:00:00,2022-10-24T15:01:59,2022-10-24T15:37:29,15,35.501650000000005,35.501650000000005,0.0,15–60 min
downtime_698,20221024,2022-10-24T00:00:00,2022-10-24T15:38:14,2022-10-24T15:39:44,15,1.5045166666666667,1.5045166666666667,0.0,1–5 min
downtime_699,20221024,2022-10-24T00:00:00,2022-10-24T15:40:44,2022-10-24T15:42:14,15,1.5000833333333332,1.5000833333333332,0.0,1–5 min
downtime_700,20221024,2022-10-24T00:00:00,2022-10-24T15:45:14,2022-10-24T15:46:59,15,1.7505833333333334,1.7505833333333334,0.0,1–5 min
downtime_701,20221024,2022-10-24T00:00:00,2022-10-24T15:48:14,2022-10-24T15:49:29,15,1.25065,1.25065,0.0,1–5 min
downtime_702,20221024,2022-10-24T00:00:00,2022-10-24T15:50:44,2022-10-24T15:51:44,15,0.9958166666666667,0.9958166666666667,0.0,<1 min
downtime_703,20221024,2022-10-24T00:00:00,2022-10-24T15:52:59,2022-10-24T15:54:14,15,1.2503166666666667,1.2503166666666667,0.0,1–5 min
downtime_704,20221024,2022-10-24T00:00:00,2022-10-24T15:55:14,2022-10-24T15:56:29,15,1.2499833333333332,1.2499833333333332,0.0,1–5 min
downtime_705,20221024,2022-10-24T00:00:00,2022-10-24T15:57:29,2022-10-24T15:58:59,15,1.4999333333333333,1.4999333333333333,0.0,1–5 min
downtime_706,20221024,2022-10-24T00:00:00,2022-10-24T16:00:14,2022-10-24T16:01:29,16,1.24965,1.24965,0.0,1–5 min
downtime_707,20221024,2022-10-24T00:00:00,2022-10-24T16:02:44,2022-10-24T16:03:59,16,1.2500166666666668,1.2500166666666668,0.0,1–5 min
downtime_708,20221024,2022-10-24T00:00:00,2022-10-24T16:05:14,2022-10-24T16:06:44,16,1.5002166666666668,1.5002166666666668,0.0,1–5 min
downtime_709,20221024,2022-10-24T00:00:00,2022-10-24T16:07:44,2022-10-24T16:08:59,16,1.2496166666666668,1.2496166666666668,0.0,1–5 min
downtime_710,20221024,2022-10-24T00:00:00,2022-10-24T16:10:14,2022-10-24T16:11:29,16,1.2500166666666668,1.2500166666666668,0.0,1–5 min
downtime_711,20221024,2022-10-24T00:00:00,2022-10-24T16:12:29,2022-10-24T16:13:44,16,1.2502,1.2502,0.0,1–5 min
downtime_712,20221024,2022-10-24T00:00:00,2022-10-24T16:14:44,2022-10-24T16:16:14,16,1.49965,1.49965,0.0,1–5 min
downtime_713,20221024,2022-10-24T00:00:00,2022-10-24T16:17:29,2022-10-24T16:18:44,16,1.2495833333333333,1.2495833333333333,0.0,1–5 min
downtime_714,20221024,2022-10-24T00:00:00,2022-10-24T16:23:14,2022-10-24T17:16:29,16,53.2523,53.2523,0.0,15–60 min
downtime_715,20221024,2022-10-24T00:00:00,2022-10-24T17:17:44,2022-10-24T17:21:29,17,3.753033333333333,3.753033333333333,0.0,1–5 min
downtime_716,20221024,2022-10-24T00:00:00,2022-10-24T17:23:44,2022-10-24T17:24:59,17,1.25025,1.25025,0.0,1–5 min
downtime_717,20221024,2022-10-24T00:00:00,2022-10-24T17:53:14,2022-10-24T17:54:29,17,1.2496833333333333,1.2496833333333333,0.0,1–5 min
downtime_718,20221024,2022-10-24T00:00:00,2022-10-24T18:12:14,2022-10-24T18:13:59,18,1.7496,1.7496,0.0,1–5 min
downtime_719,20221024,2022-10-24T00:00:00,2022-10-24T18:20:44,2022-10-24T18:22:59,18,2.2500666666666667,2.2500666666666667,0.0,1–5 min
downtime_720,20221024,2022-10-24T00:00:00,2022-10-24T18:25:44,2022-10-24T18:27:30,18,1.7500833333333332,1.7500833333333332,0.0,1–5 min
downtime_721,20221024,2022-10-24T00:00:00,2022-10-24T18:30:00,2022-10-24T18:31:45,18,1.7469166666666667,1.7469166666666667,0.0,1–5 min
downtime_722,20221025,2022-10-25T00:00:00,2022-10-25T12:29:13,2022-10-25T14:16:37,12,107.4047,107.4047,0.0,60+ min
downtime_723,20221025,2022-10-25T00:00:00,2022-10-25T16:03:53,2022-10-25T16:04:53,16,0.9998333333333334,0.9998333333333334,0.0,<1 min
downtime_724,20221025,2022-10-25T00:00:00,2022-10-25T16:14:23,2022-10-25T16:23:08,16,8.751466666666666,8.751466666666666,0.0,5–15 min
downtime_725,20221025,2022-10-25T00:00:00,2022-10-25T16:31:38,2022-10-25T16:32:38,16,1.0004166666666667,1.0004166666666667,0.0,1–5 min
downtime_726,20221025,2022-10-25T00:00:00,2022-10-25T16:35:23,2022-10-25T16:36:38,16,1.2506,1.2506,0.0,1–5 min
downtime_727,20221025,2022-10-25T00:00:00,2022-10-25T17:16:08,2022-10-25T17:17:38,17,1.4998666666666667,1.4998666666666667,0.0,1–5 min
downtime_728,20221026,2022-10-26T00:00:00,2022-10-26T16:42:46,2022-10-26T16:44:16,16,1.5002833333333332,1.5002833333333332,0.0,1–5 min
downtime_729,20221026,2022-10-26T00:00:00,2022-10-26T16:45:16,2022-10-26T16:46:46,16,1.4998,1.4998,0.0,1–5 min
downtime_730,20221026,2022-10-26T00:00:00,2022-10-26T16:47:46,2022-10-26T16:49:01,16,1.25025,1.25025,0.0,1–5 min
downtime_731,20221026,2022-10-26T00:00:00,2022-10-26T16:50:01,2022-10-26T16:51:01,16,0.99985,0.99985,0.0,<1 min
downtime_732,20221026,2022-10-26T00:00:00,2022-10-26T16:53:46,2022-10-26T16:55:16,16,1.4999333333333333,1.4999333333333333,0.0,1–5 min
downtime_733,20221026,2022-10-26T00:00:00,2022-10-26T16:56:16,2022-10-26T16:57:31,16,1.2481,1.2481,0.0,1–5 min
downtime_734,20221026,2022-10-26T00:00:00,2022-10-26T16:58:31,2022-10-26T16:59:31,16,0.9980833333333333,0.9980833333333333,0.0,<1 min
downtime_735,20221026,2022-10-26T00:00:00,2022-10-26T17:00:46,2022-10-26T17:01:46,17,0.9973833333333334,0.9973833333333334,0.0,<1 min
downtime_736,20221026,2022-10-26T00:00:00,2022-10-26T17:03:01,2022-10-26T17:04:16,17,1.2491666666666668,1.2491666666666668,0.0,1–5 min
downtime_737,20221026,2022-10-26T00:00:00,2022-10-26T17:05:31,2022-10-26T17:06:31,17,0.9999,0.9999,0.0,<1 min
downtime_738,20221026,2022-10-26T00:00:00,2022-10-26T17:07:46,2022-10-26T17:09:01,17,1.2499,1.2499,0.0,1–5 min
downtime_739,20221026,2022-10-26T00:00:00,2022-10-26T17:10:01,2022-10-26T17:11:16,17,1.2499333333333333,1.2499333333333333,0.0,1–5 min
downtime_740,20221026,2022-10-26T00:00:00,2022-10-26T17:12:16,2022-10-26T17:13:16,17,0.9998333333333334,0.9998333333333334,0.0,<1 min
downtime_741,20221026,2022-10-26T00:00:00,2022-10-26T17:14:31,2022-10-26T17:15:31,17,1.0002666666666666,1.0002666666666666,0.0,1–5 min
downtime_742,20221026,2022-10-26T00:00:00,2022-10-26T17:16:46,2022-10-26T17:17:46,17,0.9970833333333334,0.9970833333333334,0.0,<1 min
downtime_743,20221026,2022-10-26T00:00:00,2022-10-26T17:18:46,2022-10-26T17:20:01,17,1.25,1.25,0.0,1–5 min
downtime_744,20221026,2022-10-26T00:00:00,2022-10-26T17:21:01,2022-10-26T17:22:16,17,1.2499666666666667,1.2499666666666667,0.0,1–5 min
downtime_745,20221026,2022-10-26T00:00:00,2022-10-26T17:23:16,2022-10-26T17:24:31,17,1.25065,1.25065,0.0,1–5 min
downtime_746,20221026,2022-10-26T00:00:00,2022-10-26T17:25:46,2022-10-26T17:26:46,17,1.0005,1.0005,0.0,1–5 min
downtime_747,20221026,2022-10-26T00:00:00,2022-10-26T17:29:16,2022-10-26T17:30:31,17,1.24875,1.24875,0.0,1–5 min
downtime_748,20221026,2022-10-26T00:00:00,2022-10-26T17:31:31,2022-10-26T17:32:31,17,1.0002666666666666,1.0002666666666666,0.0,1–5 min
downtime_749,20221026,2022-10-26T00:00:00,2022-10-26T17:33:31,2022-10-26T17:34:31,17,0.9996333333333334,0.9996333333333334,0.0,<1 min
downtime_750,20221026,2022-10-26T00:00:00,2022-10-26T17:35:31,2022-10-26T17:37:31,17,2.0,2.0,0.0,1–5 min
downtime_751,20221026,2022-10-26T00:00:00,2022-10-26T17:40:46,2022-10-26T17:42:16,17,1.4992666666666667,1.4992666666666667,0.0,1–5 min
downtime_752,20221026,2022-10-26T00:00:00,2022-10-26T17:43:16,2022-10-26T17:44:31,17,1.2501166666666668,1.2501166666666668,0.0,1–5 min
downtime_753,20221026,2022-10-26T00:00:00,2022-10-26T17:45:46,2022-10-26T17:47:16,17,1.5005,1.5005,0.0,1–5 min
downtime_754,20221026,2022-10-26T00:00:00,2022-10-26T17:54:01,2022-10-26T17:55:46,17,1.7507666666666668,1.7507666666666668,0.0,1–5 min
downtime_788,20221031,2022-10-31T00:00:00,2022-10-31T11:58:09,2022-10-31T11:59:23,11,1.2338333333333333,1.2338333333333333,0.0,1–5 min
downtime_789,20221031,2022-10-31T00:00:00,2022-10-31T12:00:38,2022-10-31T13:35:38,12,95.0054,95.0054,0.0,60+ min
downtime_790,20221031,2022-10-31T00:00:00,2022-10-31T14:02:23,2022-10-31T14:03:23,14,1.0015166666666666,1.0015166666666666,0.0,1–5 min
downtime_791,20221031,2022-10-31T00:00:00,2022-10-31T14:09:53,2022-10-31T15:19:53,14,70.00333333333333,70.00333333333333,0.0,60+ min
downtime_792,20221031,2022-10-31T00:00:00,2022-10-31T15:46:23,2022-10-31T15:47:38,15,1.2473999999999998,1.2473999999999998,0.0,1–5 min
downtime_793,20221031,2022-10-31T00:00:00,2022-10-31T15:49:23,2022-10-31T16:31:23,15,41.99921666666667,41.99921666666667,0.0,15–60 min
downtime_794,20221031,2022-10-31T00:00:00,2022-10-31T17:04:53,2022-10-31T17:16:08,17,11.250599999999999,11.250599999999999,0.0,5–15 min
downtime_795,20221031,2022-10-31T00:00:00,2022-10-31T17:53:54,2022-10-31T17:54:54,17,1.0002,1.0002,0.0,1–5 min
downtime_796,20221031,2022-10-31T00:00:00,2022-10-31T18:11:09,2022-10-31T18:12:09,18,1.0008166666666667,1.0008166666666667,0.0,1–5 min
downtime_797,20221031,2022-10-31T00:00:00,2022-10-31T18:14:09,2022-10-31T18:15:54,18,1.7500166666666668,1.7500166666666668,0.0,1–5 min
downtime_798,20221031,2022-10-31T00:00:00,2022-10-31T18:17:39,2022-10-31T18:19:39,18,1.9990333333333332,1.9990333333333332,0.0,1–5 min
downtime_799,20221103,2022-11-03T00:00:00,2022-11-03T11:18:25,2022-11-03T11:19:40,11,1.2518333333333334,1.2518333333333334,0.0,1–5 min
downtime_800,20221103,2022-11-03T00:00:00,2022-11-03T11:24:25,2022-11-03T11:25:25,11,1.0005666666666666,1.0005666666666666,0.0,1–5 min
downtime_801,20221103,2022-11-03T00:00:00,2022-11-03T11:28:10,2022-11-03T11:31:10,11,2.9999166666666666,2.9999166666666666,0.0,1–5 min
downtime_802,20221103,2022-11-03T00:00:00,2022-11-03T11:34:25,2022-11-03T11:35:40,11,1.2498666666666667,1.2498666666666667,0.0,1–5 min
downtime_803,20221103,2022-11-03T00:00:00,2022-11-03T11:36:55,2022-11-03T11:37:55,11,1.0002166666666665,1.0002166666666665,0.0,1–5 min
downtime_804,20221103,2022-11-03T00:00:00,2022-11-03T11:39:19,2022-11-03T11:40:10,11,0.8546999999999999,0.8546999999999999,0.0,<1 min
downtime_805,20221103,2022-11-03T00:00:00,2022-11-03T11:41:10,2022-11-03T11:42:25,11,1.2446,1.2446,0.0,1–5 min
downtime_806,20221103,2022-11-03T00:00:00,2022-11-03T11:44:25,2022-11-03T11:45:25,11,0.9997333333333334,0.9997333333333334,0.0,<1 min
downtime_807,20221103,2022-11-03T00:00:00,2022-11-03T11:46:25,2022-11-03T11:47:55,11,1.5014833333333333,1.5014833333333333,0.0,1–5 min
downtime_808,20221103,2022-11-03T00:00:00,2022-11-03T11:48:55,2022-11-03T11:50:10,11,1.2533833333333333,1.2533833333333333,0.0,1–5 min
downtime_809,20221103,2022-11-03T00:00:00,2022-11-03T11:51:25,2022-11-03T11:52:40,11,1.2506166666666667,1.2506166666666667,0.0,1–5 min
downtime_810,20221103,2022-11-03T00:00:00,2022-11-03T11:53:55,2022-11-03T11:55:55,11,1.9991999999999999,1.9991999999999999,0.0,1–5 min
downtime_811,20221103,2022-11-03T00:00:00,2022-11-03T11:56:56,2022-11-03T11:57:55,11,0.9842833333333334,0.9842833333333334,0.0,<1 min
downtime_812,20221103,2022-11-03T00:00:00,2022-11-03T12:01:55,2022-11-03T12:03:25,12,1.5003166666666667,1.5003166666666667,0.0,1–5 min
downtime_813,20221103,2022-11-03T00:00:00,2022-11-03T12:04:40,2022-11-03T13:44:17,12,99.61751666666667,99.61751666666667,0.0,60+ min
downtime_814,20221103,2022-11-03T00:00:00,2022-11-03T13:45:32,2022-11-03T13:47:02,13,1.4995,1.4995,0.0,1–5 min
downtime_815,20221103,2022-11-03T00:00:00,2022-11-03T13:48:02,2022-11-03T13:58:17,13,10.251033333333334,10.251033333333334,0.0,5–15 min
downtime_816,20221103,2022-11-03T00:00:00,2022-11-03T13:59:17,2022-11-03T14:00:32,13,1.25015,1.25015,0.0,1–5 min
downtime_817,20221103,2022-11-03T00:00:00,2022-11-03T14:01:32,2022-11-03T14:03:02,14,1.4998666666666667,1.4998666666666667,0.0,1–5 min
downtime_818,20221103,2022-11-03T00:00:00,2022-11-03T14:04:32,2022-11-03T14:05:32,14,1.0001666666666666,1.0001666666666666,0.0,1–5 min
downtime_819,20221103,2022-11-03T00:00:00,2022-11-03T14:06:32,2022-11-03T14:14:32,14,8.0002,8.0002,0.0,5–15 min
downtime_820,20221103,2022-11-03T00:00:00,2022-11-03T14:15:32,2022-11-03T14:16:47,14,1.2501166666666668,1.2501166666666668,0.0,1–5 min
downtime_821,20221103,2022-11-03T00:00:00,2022-11-03T14:18:02,2022-11-03T14:19:17,14,1.2525833333333334,1.2525833333333334,0.0,1–5 min
downtime_822,20221103,2022-11-03T00:00:00,2022-11-03T14:20:17,2022-11-03T14:22:02,14,1.7503666666666668,1.7503666666666668,0.0,1–5 min
downtime_823,20221103,2022-11-03T00:00:00,2022-11-03T14:23:17,2022-11-03T14:24:32,14,1.2487,1.2487,0.0,1–5 min
downtime_824,20221103,2022-11-03T00:00:00,2022-11-03T14:25:47,2022-11-03T14:27:17,14,1.5001666666666666,1.5001666666666666,0.0,1–5 min
downtime_825,20221103,2022-11-03T00:00:00,2022-11-03T14:28:32,2022-11-03T14:30:02,14,1.4997833333333332,1.4997833333333332,0.0,1–5 min
downtime_826,20221103,2022-11-03T00:00:00,2022-11-03T14:31:02,2022-11-03T14:32:32,14,1.4995833333333333,1.4995833333333333,0.0,1–5 min
downtime_827,20221103,2022-11-03T00:00:00,2022-11-03T14:33:32,2022-11-03T14:35:03,14,1.50495,1.50495,0.0,1–5 min
downtime_828,20221103,2022-11-03T00:00:00,2022-11-03T14:36:18,2022-11-03T15:12:32,14,36.24336666666667,36.24336666666667,0.0,15–60 min
downtime_829,20221103,2022-11-03T00:00:00,2022-11-03T15:13:32,2022-11-03T15:15:02,15,1.4996333333333332,1.4996333333333332,0.0,1–5 min
downtime_830,20221103,2022-11-03T00:00:00,2022-11-03T15:16:02,2022-11-03T15:17:32,15,1.50005,1.50005,0.0,1–5 min
downtime_831,20221103,2022-11-03T00:00:00,2022-11-03T15:18:32,2022-11-03T15:20:02,15,1.49995,1.49995,0.0,1–5 min
downtime_832,20221103,2022-11-03T00:00:00,2022-11-03T15:21:02,2022-11-03T15:22:32,15,1.5000333333333333,1.5000333333333333,0.0,1–5 min
downtime_833,20221103,2022-11-03T00:00:00,2022-11-03T15:23:32,2022-11-03T15:25:02,15,1.50005,1.50005,0.0,1–5 min
downtime_834,20221103,2022-11-03T00:00:00,2022-11-03T15:26:02,2022-11-03T15:27:33,15,1.5030833333333333,1.5030833333333333,0.0,1–5 min
downtime_835,20221103,2022-11-03T00:00:00,2022-11-03T15:28:47,2022-11-03T15:30:02,15,1.2503,1.2503,0.0,1–5 min
downtime_836,20221103,2022-11-03T00:00:00,2022-11-03T15:32:17,2022-11-03T15:34:02,15,1.7500666666666667,1.7500666666666667,0.0,1–5 min
downtime_837,20221103,2022-11-03T00:00:00,2022-11-03T15:35:17,2022-11-03T15:36:32,15,1.2514333333333334,1.2514333333333334,0.0,1–5 min
downtime_838,20221103,2022-11-03T00:00:00,2022-11-03T15:37:32,2022-11-03T15:39:02,15,1.5000333333333333,1.5000333333333333,0.0,1–5 min
downtime_839,20221103,2022-11-03T00:00:00,2022-11-03T15:41:02,2022-11-03T15:42:18,15,1.2519166666666666,1.2519166666666666,0.0,1–5 min
downtime_840,20221103,2022-11-03T00:00:00,2022-11-03T15:43:32,2022-11-03T15:44:32,15,0.9992833333333333,0.9992833333333333,0.0,<1 min
downtime_841,20221103,2022-11-03T00:00:00,2022-11-03T15:45:47,2022-11-03T15:47:02,15,1.25035,1.25035,0.0,1–5 min
downtime_842,20221103,2022-11-03T00:00:00,2022-11-03T15:48:02,2022-11-03T15:49:17,15,1.2502,1.2502,0.0,1–5 min
downtime_843,20221103,2022-11-03T00:00:00,2022-11-03T15:50:32,2022-11-03T15:51:32,15,1.0006666666666666,1.0006666666666666,0.0,1–5 min
downtime_844,20221103,2022-11-03T00:00:00,2022-11-03T15:52:47,2022-11-03T15:54:02,15,1.2498666666666667,1.2498666666666667,0.0,1–5 min
downtime_845,20221103,2022-11-03T00:00:00,2022-11-03T15:55:02,2022-11-03T15:56:32,15,1.4997666666666667,1.4997666666666667,0.0,1–5 min
downtime_846,20221103,2022-11-03T00:00:00,2022-11-03T15:57:32,2022-11-03T15:58:47,15,1.2495833333333333,1.2495833333333333,0.0,1–5 min
downtime_847,20221103,2022-11-03T00:00:00,2022-11-03T16:00:02,2022-11-03T16:01:32,16,1.50025,1.50025,0.0,1–5 min
downtime_848,20221103,2022-11-03T00:00:00,2022-11-03T16:02:47,2022-11-03T16:03:47,16,1.0000833333333334,1.0000833333333334,0.0,1–5 min
downtime_849,20221103,2022-11-03T00:00:00,2022-11-03T16:05:02,2022-11-03T16:06:02,16,1.0003166666666667,1.0003166666666667,0.0,1–5 min
downtime_850,20221103,2022-11-03T00:00:00,2022-11-03T16:07:17,2022-11-03T16:08:17,16,1.0005333333333333,1.0005333333333333,0.0,1–5 min
downtime_851,20221103,2022-11-03T00:00:00,2022-11-03T16:09:32,2022-11-03T16:10:47,16,1.2501333333333333,1.2501333333333333,0.0,1–5 min
downtime_852,20221103,2022-11-03T00:00:00,2022-11-03T16:11:48,2022-11-03T16:13:02,16,1.2491666666666668,1.2491666666666668,0.0,1–5 min
downtime_853,20221103,2022-11-03T00:00:00,2022-11-03T16:14:03,2022-11-03T16:15:18,16,1.2503666666666668,1.2503666666666668,0.0,1–5 min
downtime_854,20221103,2022-11-03T00:00:00,2022-11-03T16:18:33,2022-11-03T16:19:48,16,1.2502333333333333,1.2502333333333333,0.0,1–5 min
downtime_855,20221103,2022-11-03T00:00:00,2022-11-03T16:20:48,2022-11-03T16:22:18,16,1.5013333333333334,1.5013333333333334,0.0,1–5 min
downtime_856,20221103,2022-11-03T00:00:00,2022-11-03T16:23:18,2022-11-03T16:24:33,16,1.2485666666666666,1.2485666666666666,0.0,1–5 min
downtime_857,20221103,2022-11-03T00:00:00,2022-11-03T16:25:33,2022-11-03T16:26:48,16,1.2460166666666666,1.2460166666666666,0.0,1–5 min
downtime_858,20221103,2022-11-03T00:00:00,2022-11-03T16:30:33,2022-11-03T16:31:48,16,1.25235,1.25235,0.0,1–5 min
downtime_859,20221103,2022-11-03T00:00:00,2022-11-03T16:32:48,2022-11-03T16:33:48,16,0.9996166666666666,0.9996166666666666,0.0,<1 min
downtime_860,20221103,2022-11-03T00:00:00,2022-11-03T16:35:03,2022-11-03T16:36:33,16,1.4999166666666668,1.4999166666666668,0.0,1–5 min
downtime_861,20221103,2022-11-03T00:00:00,2022-11-03T16:37:48,2022-11-03T16:38:48,16,1.0004,1.0004,0.0,1–5 min
downtime_862,20221103,2022-11-03T00:00:00,2022-11-03T16:41:03,2022-11-03T16:42:33,16,1.50005,1.50005,0.0,1–5 min
downtime_863,20221103,2022-11-03T00:00:00,2022-11-03T16:43:33,2022-11-03T16:44:33,16,1.0005166666666667,1.0005166666666667,0.0,1–5 min
downtime_864,20221103,2022-11-03T00:00:00,2022-11-03T16:49:03,2022-11-03T16:50:18,16,1.2457333333333334,1.2457333333333334,0.0,1–5 min
downtime_865,20221103,2022-11-03T00:00:00,2022-11-03T16:52:03,2022-11-03T16:55:03,16,2.999816666666667,2.999816666666667,0.0,1–5 min
downtime_866,20221108,2022-11-08T00:00:00,2022-11-08T13:01:38,2022-11-08T13:02:53,13,1.2540666666666667,1.2540666666666667,0.0,1–5 min
downtime_867,20221108,2022-11-08T00:00:00,2022-11-08T13:04:08,2022-11-08T14:43:53,13,99.74961666666667,99.74961666666667,0.0,60+ min
downtime_868,20221108,2022-11-08T00:00:00,2022-11-08T14:54:23,2022-11-08T14:55:38,14,1.25035,1.25035,0.0,1–5 min
downtime_869,20221108,2022-11-08T00:00:00,2022-11-08T14:59:08,2022-11-08T15:00:23,14,1.2497833333333332,1.2497833333333332,0.0,1–5 min
downtime_870,20221108,2022-11-08T00:00:00,2022-11-08T15:03:38,2022-11-08T15:04:53,15,1.2493333333333332,1.2493333333333332,0.0,1–5 min
downtime_871,20221108,2022-11-08T00:00:00,2022-11-08T15:10:23,2022-11-08T15:11:24,15,1.0016,1.0016,0.0,1–5 min
downtime_872,20221108,2022-11-08T00:00:00,2022-11-08T16:06:09,2022-11-08T17:12:24,16,66.25301666666667,66.25301666666667,0.0,60+ min
downtime_873,20221108,2022-11-08T00:00:00,2022-11-08T17:15:39,2022-11-08T17:16:39,17,1.0026,1.0026,0.0,1–5 min
downtime_874,20221108,2022-11-08T00:00:00,2022-11-08T17:27:09,2022-11-08T17:28:24,17,1.2504,1.2504,0.0,1–5 min
downtime_875,20221108,2022-11-08T00:00:00,2022-11-08T18:09:54,2022-11-08T18:11:24,18,1.4998666666666667,1.4998666666666667,0.0,1–5 min
downtime_876,20221108,2022-11-08T00:00:00,2022-11-08T18:13:24,2022-11-08T18:14:39,18,1.2512333333333332,1.2512333333333332,0.0,1–5 min
downtime_877,20221108,2022-11-08T00:00:00,2022-11-08T18:16:24,2022-11-08T18:18:54,18,2.4996666666666667,2.4996666666666667,0.0,1–5 min
downtime_878,20221108,2022-11-08T00:00:00,2022-11-08T18:19:54,2022-11-08T18:20:54,18,1.0018333333333334,1.0018333333333334,0.0,1–5 min
downtime_879,20221108,2022-11-08T00:00:00,2022-11-08T18:23:09,2022-11-08T18:44:39,18,21.5013,21.5013,0.0,15–60 min
downtime_880,20221111,2022-11-11T00:00:00,2022-11-11T14:48:46,2022-11-11T14:50:01,14,1.25075,1.25075,0.0,1–5 min
downtime_881,20221111,2022-11-11T00:00:00,2022-11-11T14:51:01,2022-11-11T15:05:16,14,14.25155,14.25155,0.0,5–15 min
downtime_882,20221111,2022-11-11T00:00:00,2022-11-11T15:06:16,2022-11-11T15:15:46,15,9.500183333333332,9.500183333333332,0.0,5–15 min
downtime_883,20221111,2022-11-11T00:00:00,2022-11-11T15:22:46,2022-11-11T15:24:17,15,1.5304499999999999,1.5304499999999999,0.0,1–5 min
downtime_884,20221111,2022-11-11T00:00:00,2022-11-11T15:27:01,2022-11-11T15:36:01,15,9.00045,9.00045,0.0,5–15 min
downtime_885,20221111,2022-11-11T00:00:00,2022-11-11T15:50:01,2022-11-11T15:51:31,15,1.50065,1.50065,0.0,1–5 min
downtime_886,20221111,2022-11-11T00:00:00,2022-11-11T15:52:46,2022-11-11T15:53:46,15,1.0006666666666666,1.0006666666666666,0.0,1–5 min
downtime_887,20221111,2022-11-11T00:00:00,2022-11-11T15:55:46,2022-11-11T15:56:46,15,1.0002333333333333,1.0002333333333333,0.0,1–5 min
downtime_888,20221111,2022-11-11T00:00:00,2022-11-11T15:58:16,2022-11-11T15:59:46,15,1.4997166666666668,1.4997166666666668,0.0,1–5 min
downtime_889,20221111,2022-11-11T00:00:00,2022-11-11T16:01:01,2022-11-11T16:56:06,16,55.08043333333333,55.08043333333333,0.0,15–60 min
downtime_890,20221111,2022-11-11T00:00:00,2022-11-11T17:04:21,2022-11-11T17:05:21,17,1.0026833333333334,1.0026833333333334,0.0,1–5 min
downtime_891,20221111,2022-11-11T00:00:00,2022-11-11T17:07:37,2022-11-11T17:08:36,17,0.9850333333333333,0.9850333333333333,0.0,<1 min
downtime_892,20221111,2022-11-11T00:00:00,2022-11-11T17:12:36,2022-11-11T17:13:36,17,0.9998666666666666,0.9998666666666666,0.0,<1 min
downtime_893,20221111,2022-11-11T00:00:00,2022-11-11T17:15:21,2022-11-11T17:16:51,17,1.5040333333333333,1.5040333333333333,0.0,1–5 min
downtime_894,20221114,2022-11-14T00:00:00,2022-11-14T15:42:08,2022-11-14T15:45:38,15,3.50175,3.50175,0.0,1–5 min
downtime_895,20221114,2022-11-14T00:00:00,2022-11-14T15:48:23,2022-11-14T15:52:23,15,3.9993333333333334,3.9993333333333334,0.0,1–5 min
downtime_896,20221114,2022-11-14T00:00:00,2022-11-14T15:53:53,2022-11-14T15:57:53,15,4.000116666666667,4.000116666666667,0.0,1–5 min
downtime_897,20221114,2022-11-14T00:00:00,2022-11-14T15:58:38,2022-11-14T15:59:38,15,1.0,1.0,0.0,1–5 min
downtime_898,20221114,2022-11-14T00:00:00,2022-11-14T16:13:08,2022-11-14T16:21:08,16,8.000499999999999,8.000499999999999,0.0,5–15 min
downtime_899,20221114,2022-11-14T00:00:00,2022-11-14T16:28:08,2022-11-14T16:29:08,16,0.9994166666666667,0.9994166666666667,0.0,<1 min
downtime_900,20221115,2022-11-15T00:00:00,2022-11-15T11:06:20,2022-11-15T11:07:35,11,1.24985,1.24985,0.0,1–5 min
downtime_901,20221115,2022-11-15T00:00:00,2022-11-15T11:21:05,2022-11-15T11:29:35,11,8.497816666666667,8.497816666666667,0.0,5–15 min
downtime_902,20221115,2022-11-15T00:00:00,2022-11-15T11:44:06,2022-11-15T11:46:35,11,2.4946833333333336,2.4946833333333336,0.0,1–5 min
downtime_903,20221115,2022-11-15T00:00:00,2022-11-15T11:53:35,2022-11-15T14:04:21,11,130.75448333333333,130.75448333333333,0.0,60+ min
downtime_904,20221115,2022-11-15T00:00:00,2022-11-15T14:17:06,2022-11-15T14:20:36,14,3.5001666666666664,3.5001666666666664,0.0,1–5 min
downtime_905,20221115,2022-11-15T00:00:00,2022-11-15T14:27:51,2022-11-15T14:29:21,14,1.49625,1.49625,0.0,1–5 min
downtime_906,20221115,2022-11-15T00:00:00,2022-11-15T14:30:51,2022-11-15T14:32:06,14,1.2528166666666667,1.2528166666666667,0.0,1–5 min
downtime_907,20221115,2022-11-15T00:00:00,2022-11-15T14:39:06,2022-11-15T14:45:36,14,6.500249999999999,6.500249999999999,0.0,5–15 min
downtime_908,20221115,2022-11-15T00:00:00,2022-11-15T14:50:06,2022-11-15T14:51:06,14,0.9998833333333333,0.9998833333333333,0.0,<1 min
downtime_909,20221115,2022-11-15T00:00:00,2022-11-15T14:56:06,2022-11-15T14:57:06,14,1.0001666666666666,1.0001666666666666,0.0,1–5 min
downtime_910,20221115,2022-11-15T00:00:00,2022-11-15T15:00:06,2022-11-15T15:02:06,15,2.0013166666666664,2.0013166666666664,0.0,1–5 min
downtime_911,20221115,2022-11-15T00:00:00,2022-11-15T15:16:06,2022-11-15T15:17:21,15,1.2491166666666667,1.2491166666666667,0.0,1–5 min
downtime_912,20221115,2022-11-15T00:00:00,2022-11-15T15:23:51,2022-11-15T15:25:06,15,1.2496166666666668,1.2496166666666668,0.0,1–5 min
downtime_913,20221121,2022-11-21T00:00:00,2022-11-21T13:34:51,2022-11-21T13:36:36,13,1.7499166666666668,1.7499166666666668,0.0,1–5 min
downtime_914,20221121,2022-11-21T00:00:00,2022-11-21T13:38:51,2022-11-21T13:41:36,13,2.7501666666666664,2.7501666666666664,0.0,1–5 min
downtime_915,20221121,2022-11-21T00:00:00,2022-11-21T13:44:06,2022-11-21T13:46:06,13,2.0002666666666666,2.0002666666666666,0.0,1–5 min
downtime_916,20221121,2022-11-21T00:00:00,2022-11-21T13:47:36,2022-11-21T13:49:51,13,2.24975,2.24975,0.0,1–5 min
downtime_917,20221121,2022-11-21T00:00:00,2022-11-21T13:52:36,2022-11-21T13:53:51,13,1.2498333333333334,1.2498333333333334,0.0,1–5 min
downtime_918,20221121,2022-11-21T00:00:00,2022-11-21T13:54:36,2022-11-21T13:56:06,13,1.50065,1.50065,0.0,1–5 min
downtime_919,20221121,2022-11-21T00:00:00,2022-11-21T13:57:06,2022-11-21T16:19:36,13,142.50653333333332,142.50653333333332,0.0,60+ min
downtime_920,20221121,2022-11-21T00:00:00,2022-11-21T16:25:36,2022-11-21T16:27:51,16,2.2501,2.2501,0.0,1–5 min
downtime_921,20221121,2022-11-21T00:00:00,2022-11-21T16:29:21,2022-11-21T16:40:21,16,11.000499999999999,11.000499999999999,0.0,5–15 min
downtime_922,20221121,2022-11-21T00:00:00,2022-11-21T16:43:06,2022-11-21T16:44:06,16,0.9995499999999999,0.9995499999999999,0.0,<1 min
downtime_923,20221121,2022-11-21T00:00:00,2022-11-21T16:48:36,2022-11-21T16:49:36,16,1.0000333333333333,1.0000333333333333,0.0,1–5 min
downtime_924,20221121,2022-11-21T00:00:00,2022-11-21T16:54:21,2022-11-21T16:55:21,16,0.99965,0.99965,0.0,<1 min
downtime_925,20221121,2022-11-21T00:00:00,2022-11-21T17:04:36,2022-11-21T17:07:21,17,2.7501499999999997,2.7501499999999997,0.0,1–5 min
downtime_926,20221121,2022-11-21T00:00:00,2022-11-21T17:09:06,2022-11-21T17:10:06,17,0.9996166666666666,0.9996166666666666,0.0,<1 min
downtime_927,20221121,2022-11-21T00:00:00,2022-11-21T17:15:06,2022-11-21T17:16:51,17,1.7501,1.7501,0.0,1–5 min
downtime_928,20221121,2022-11-21T00:00:00,2022-11-21T17:19:51,2022-11-21T17:22:06,17,2.2500666666666667,2.2500666666666667,0.0,1–5 min
downtime_929,20221121,2022-11-21T00:00:00,2022-11-21T17:25:06,2022-11-21T17:27:06,17,2.0002166666666668,2.0002166666666668,0.0,1–5 min
downtime_930,20221121,2022-11-21T00:00:00,2022-11-21T17:32:06,2022-11-21T17:33:06,17,1.0001666666666666,1.0001666666666666,0.0,1–5 min
downtime_931,20221121,2022-11-21T00:00:00,2022-11-21T17:38:06,2022-11-21T17:39:36,17,1.5001333333333333,1.5001333333333333,0.0,1–5 min
downtime_932,20221121,2022-11-21T00:00:00,2022-11-21T17:41:06,2022-11-21T17:46:51,17,5.749833333333333,5.749833333333333,0.0,5–15 min
downtime_933,20221123,2022-11-23T00:00:00,2022-11-23T15:09:28,2022-11-23T15:11:58,15,2.5002166666666668,2.5002166666666668,0.0,1–5 min
downtime_934,20221123,2022-11-23T00:00:00,2022-11-23T15:18:13,2022-11-23T15:19:13,15,1.00015,1.00015,0.0,1–5 min
downtime_935,20221123,2022-11-23T00:00:00,2022-11-23T15:30:43,2022-11-23T15:33:28,15,2.7498,2.7498,0.0,1–5 min
downtime_936,20221123,2022-11-23T00:00:00,2022-11-23T15:35:43,2022-11-23T15:37:43,15,2.00005,2.00005,0.0,1–5 min
downtime_937,20221123,2022-11-23T00:00:00,2022-11-23T15:40:43,2022-11-23T15:41:28,15,0.7502833333333334,0.7502833333333334,0.0,<1 min
downtime_938,20221123,2022-11-23T00:00:00,2022-11-23T15:42:13,2022-11-23T15:44:58,15,2.74995,2.74995,0.0,1–5 min
downtime_939,20221123,2022-11-23T00:00:00,2022-11-23T15:45:43,2022-11-23T15:46:58,15,1.2500666666666667,1.2500666666666667,0.0,1–5 min
downtime_940,20221123,2022-11-23T00:00:00,2022-11-23T15:51:28,2022-11-23T15:52:43,15,1.2501,1.2501,0.0,1–5 min
downtime_941,20221123,2022-11-23T00:00:00,2022-11-23T15:55:28,2022-11-23T15:56:58,15,1.5,1.5,0.0,1–5 min
downtime_942,20221123,2022-11-23T00:00:00,2022-11-23T16:00:58,2022-11-23T16:02:13,16,1.2500833333333332,1.2500833333333332,0.0,1–5 min
downtime_943,20221123,2022-11-23T00:00:00,2022-11-23T16:18:58,2022-11-23T16:20:13,16,1.2506333333333333,1.2506333333333333,0.0,1–5 min
downtime_944,20221123,2022-11-23T00:00:00,2022-11-23T16:26:58,2022-11-23T16:27:58,16,1.00005,1.00005,0.0,1–5 min
downtime_945,20221123,2022-11-23T00:00:00,2022-11-23T16:43:28,2022-11-23T16:50:58,16,7.50035,7.50035,0.0,5–15 min
downtime_946,20221123,2022-11-23T00:00:00,2022-11-23T16:53:58,2022-11-23T16:56:29,16,2.504016666666667,2.504016666666667,0.0,1–5 min
downtime_947,20221123,2022-11-23T00:00:00,2022-11-23T17:08:58,2022-11-23T17:13:28,17,4.5000333333333336,4.5000333333333336,0.0,1–5 min
downtime_948,20221128,2022-11-28T00:00:00,2022-11-28T12:49:41,2022-11-28T15:45:56,12,176.25841666666665,176.25841666666665,0.0,60+ min
downtime_949,20221128,2022-11-28T00:00:00,2022-11-28T15:48:11,2022-11-28T15:54:56,15,6.750366666666666,6.750366666666666,0.0,5–15 min
downtime_950,20221128,2022-11-28T00:00:00,2022-11-28T15:56:56,2022-11-28T16:06:26,15,9.50035,9.50035,0.0,5–15 min
downtime_755,20221128,2022-11-28T00:00:00,2022-11-28T16:01:17,2022-11-28T16:03:02,16,1.75005,1.75005,0.0,1–5 min
downtime_756,20221128,2022-11-28T00:00:00,2022-11-28T16:04:02,2022-11-28T16:05:32,16,1.4995,1.4995,0.0,1–5 min
downtime_757,20221128,2022-11-28T00:00:00,2022-11-28T16:07:02,2022-11-28T16:08:32,16,1.4968166666666667,1.4968166666666667,0.0,1–5 min
downtime_951,20221128,2022-11-28T00:00:00,2022-11-28T16:08:41,2022-11-28T16:10:11,16,1.4997833333333332,1.4997833333333332,0.0,1–5 min
downtime_758,20221128,2022-11-28T00:00:00,2022-11-28T16:09:17,2022-11-28T16:10:17,16,1.0002833333333334,1.0002833333333334,0.0,1–5 min
downtime_759,20221128,2022-11-28T00:00:00,2022-11-28T16:11:32,2022-11-28T16:13:02,16,1.5010666666666665,1.5010666666666665,0.0,1–5 min
downtime_760,20221128,2022-11-28T00:00:00,2022-11-28T16:14:17,2022-11-28T16:15:47,16,1.4995666666666667,1.4995666666666667,0.0,1–5 min
downtime_952,20221128,2022-11-28T00:00:00,2022-11-28T16:15:41,2022-11-28T16:18:41,16,3.0006333333333335,3.0006333333333335,0.0,1–5 min
downtime_761,20221128,2022-11-28T00:00:00,2022-11-28T16:17:02,2022-11-28T16:18:32,16,1.5020333333333333,1.5020333333333333,0.0,1–5 min
downtime_762,20221128,2022-11-28T00:00:00,2022-11-28T16:19:47,2022-11-28T16:21:17,16,1.4989333333333335,1.4989333333333335,0.0,1–5 min
downtime_953,20221128,2022-11-28T00:00:00,2022-11-28T16:21:41,2022-11-28T16:22:56,16,1.2505,1.2505,0.0,1–5 min
downtime_763,20221128,2022-11-28T00:00:00,2022-11-28T16:23:47,2022-11-28T16:25:32,16,1.7530000000000001,1.7530000000000001,0.0,1–5 min
downtime_764,20221128,2022-11-28T00:00:00,2022-11-28T16:27:02,2022-11-28T16:28:17,16,1.25055,1.25055,0.0,1–5 min
downtime_765,20221128,2022-11-28T00:00:00,2022-11-28T16:29:17,2022-11-28T16:30:47,16,1.4996166666666668,1.4996166666666668,0.0,1–5 min
downtime_766,20221128,2022-11-28T00:00:00,2022-11-28T16:32:02,2022-11-28T16:33:32,16,1.49955,1.49955,0.0,1–5 min
downtime_767,20221128,2022-11-28T00:00:00,2022-11-28T16:34:32,2022-11-28T16:36:17,16,1.7496666666666667,1.7496666666666667,0.0,1–5 min
downtime_954,20221128,2022-11-28T00:00:00,2022-11-28T16:37:11,2022-11-28T16:41:26,16,4.250183333333333,4.250183333333333,0.0,1–5 min
downtime_768,20221128,2022-11-28T00:00:00,2022-11-28T16:37:18,2022-11-28T16:38:47,16,1.49265,1.49265,0.0,1–5 min
downtime_769,20221128,2022-11-28T00:00:00,2022-11-28T16:40:17,2022-11-28T16:52:17,16,12.0002,12.0002,0.0,5–15 min
downtime_955,20221128,2022-11-28T00:00:00,2022-11-28T16:49:11,2022-11-28T16:53:56,16,4.749750000000001,4.749750000000001,0.0,1–5 min
downtime_770,20221128,2022-11-28T00:00:00,2022-11-28T16:53:32,2022-11-28T16:55:02,16,1.5000166666666668,1.5000166666666668,0.0,1–5 min
downtime_771,20221128,2022-11-28T00:00:00,2022-11-28T16:56:02,2022-11-28T16:57:02,16,1.0000833333333334,1.0000833333333334,0.0,1–5 min
downtime_772,20221128,2022-11-28T00:00:00,2022-11-28T16:58:17,2022-11-28T16:59:47,16,1.5024333333333333,1.5024333333333333,0.0,1–5 min
downtime_773,20221128,2022-11-28T00:00:00,2022-11-28T17:00:47,2022-11-28T17:02:02,17,1.2499166666666668,1.2499166666666668,0.0,1–5 min
downtime_774,20221128,2022-11-28T00:00:00,2022-11-28T17:03:17,2022-11-28T17:04:32,17,1.24975,1.24975,0.0,1–5 min
downtime_775,20221128,2022-11-28T00:00:00,2022-11-28T17:05:32,2022-11-28T17:15:17,17,9.750316666666667,9.750316666666667,0.0,5–15 min
downtime_776,20221128,2022-11-28T00:00:00,2022-11-28T17:16:32,2022-11-28T17:18:02,17,1.50015,1.50015,0.0,1–5 min
downtime_777,20221128,2022-11-28T00:00:00,2022-11-28T17:19:02,2022-11-28T17:21:17,17,2.247916666666667,2.247916666666667,0.0,1–5 min
downtime_778,20221128,2022-11-28T00:00:00,2022-11-28T17:22:17,2022-11-28T17:23:47,17,1.4999666666666667,1.4999666666666667,0.0,1–5 min
downtime_779,20221128,2022-11-28T00:00:00,2022-11-28T17:25:02,2022-11-28T17:26:02,17,1.0000166666666666,1.0000166666666666,0.0,1–5 min
downtime_780,20221128,2022-11-28T00:00:00,2022-11-28T17:27:17,2022-11-28T17:29:02,17,1.7501833333333332,1.7501833333333332,0.0,1–5 min
downtime_781,20221128,2022-11-28T00:00:00,2022-11-28T17:30:17,2022-11-28T17:31:17,17,0.9995166666666666,0.9995166666666666,0.0,<1 min
downtime_782,20221128,2022-11-28T00:00:00,2022-11-28T17:32:32,2022-11-28T17:34:02,17,1.49875,1.49875,0.0,1–5 min
downtime_783,20221128,2022-11-28T00:00:00,2022-11-28T17:35:02,2022-11-28T17:36:32,17,1.5007333333333333,1.5007333333333333,0.0,1–5 min
downtime_784,20221128,2022-11-28T00:00:00,2022-11-28T17:37:47,2022-11-28T17:39:17,17,1.5001833333333332,1.5001833333333332,0.0,1–5 min
downtime_785,20221128,2022-11-28T00:00:00,2022-11-28T17:40:17,2022-11-28T17:41:47,17,1.49995,1.49995,0.0,1–5 min
downtime_956,20221128,2022-11-28T00:00:00,2022-11-28T17:40:20,2022-11-28T17:42:20,17,1.9999333333333333,1.9999333333333333,0.0,1–5 min
downtime_786,20221128,2022-11-28T00:00:00,2022-11-28T17:45:33,2022-11-28T17:46:47,17,1.2456333333333334,1.2456333333333334,0.0,1–5 min
downtime_787,20221128,2022-11-28T00:00:00,2022-11-28T17:48:47,2022-11-28T17:50:47,17,1.9999833333333332,1.9999833333333332,0.0,1–5 min
downtime_957,20221128,2022-11-28T00:00:00,2022-11-28T17:50:50,2022-11-28T17:52:05,17,1.2503666666666668,1.2503666666666668,0.0,1–5 min
downtime_958,20221128,2022-11-28T00:00:00,2022-11-28T17:57:35,2022-11-28T18:05:05,17,7.500366666666666,7.500366666666666,0.0,5–15 min
downtime_959,20221128,2022-11-28T00:00:00,2022-11-28T18:23:20,2022-11-28T18:25:20,18,1.99995,1.99995,0.0,1–5 min
downtime_960,20221128,2022-11-28T00:00:00,2022-11-28T18:29:05,2022-11-28T18:31:05,18,2.0002166666666668,2.0002166666666668,0.0,1–5 min
downtime_961,20221202,2022-12-02T00:00:00,2022-12-02T12:09:51,2022-12-02T12:13:06,12,3.2502,3.2502,0.0,1–5 min
downtime_962,20221202,2022-12-02T00:00:00,2022-12-02T12:14:06,2022-12-02T13:11:21,12,57.2532,57.2532,0.0,15–60 min
downtime_963,20221202,2022-12-02T00:00:00,2022-12-02T13:14:51,2022-12-02T13:24:51,13,10.000499999999999,10.000499999999999,0.0,5–15 min
downtime_964,20221202,2022-12-02T00:00:00,2022-12-02T13:28:06,2022-12-02T13:29:36,13,1.5000833333333332,1.5000833333333332,0.0,1–5 min
downtime_965,20221202,2022-12-02T00:00:00,2022-12-02T13:31:06,2022-12-02T13:32:21,13,1.2498833333333332,1.2498833333333332,0.0,1–5 min
downtime_966,20221202,2022-12-02T00:00:00,2022-12-02T13:38:06,2022-12-02T13:43:36,13,5.499116666666667,5.499116666666667,0.0,5–15 min
downtime_967,20221202,2022-12-02T00:00:00,2022-12-02T13:46:06,2022-12-02T13:47:21,13,1.2499166666666668,1.2499166666666668,0.0,1–5 min
downtime_968,20221202,2022-12-02T00:00:00,2022-12-02T13:49:06,2022-12-02T13:50:51,13,1.7467166666666667,1.7467166666666667,0.0,1–5 min
downtime_969,20221202,2022-12-02T00:00:00,2022-12-02T13:52:06,2022-12-02T13:54:06,13,2.00045,2.00045,0.0,1–5 min
downtime_970,20221202,2022-12-02T00:00:00,2022-12-02T13:59:06,2022-12-02T14:01:06,13,2.00015,2.00015,0.0,1–5 min
downtime_971,20221202,2022-12-02T00:00:00,2022-12-02T14:03:06,2022-12-02T14:08:21,14,5.250266666666667,5.250266666666667,0.0,5–15 min
downtime_972,20221202,2022-12-02T00:00:00,2022-12-02T14:13:36,2022-12-02T14:14:36,14,1.00005,1.00005,0.0,1–5 min
downtime_973,20221202,2022-12-02T00:00:00,2022-12-02T14:16:21,2022-12-02T14:17:51,14,1.5,1.5,0.0,1–5 min
downtime_974,20221202,2022-12-02T00:00:00,2022-12-02T14:23:36,2022-12-02T14:27:21,14,3.7502333333333335,3.7502333333333335,0.0,1–5 min
downtime_975,20221202,2022-12-02T00:00:00,2022-12-02T14:31:51,2022-12-02T14:38:06,14,6.250299999999999,6.250299999999999,0.0,5–15 min
downtime_976,20221202,2022-12-02T00:00:00,2022-12-02T14:39:21,2022-12-02T14:42:21,14,3.0000166666666668,3.0000166666666668,0.0,1–5 min
downtime_977,20221202,2022-12-02T00:00:00,2022-12-02T14:45:51,2022-12-02T14:48:06,14,2.2500833333333334,2.2500833333333334,0.0,1–5 min
downtime_978,20221202,2022-12-02T00:00:00,2022-12-02T14:49:21,2022-12-02T14:51:06,14,1.7496666666666667,1.7496666666666667,0.0,1–5 min
downtime_979,20221202,2022-12-02T00:00:00,2022-12-02T14:54:21,2022-12-02T14:56:37,14,2.2539000000000002,2.2539000000000002,0.0,1–5 min
downtime_980,20221205,2022-12-05T00:00:00,2022-12-05T11:54:04,2022-12-05T11:57:19,11,3.2502666666666666,3.2502666666666666,0.0,1–5 min
downtime_981,20221205,2022-12-05T00:00:00,2022-12-05T11:59:04,2022-12-05T12:04:49,11,5.75005,5.75005,0.0,5–15 min
downtime_982,20221205,2022-12-05T00:00:00,2022-12-05T12:12:50,2022-12-05T12:14:05,12,1.2503833333333332,1.2503833333333332,0.0,1–5 min
downtime_983,20221205,2022-12-05T00:00:00,2022-12-05T12:16:20,2022-12-05T12:18:20,12,2.000183333333333,2.000183333333333,0.0,1–5 min
downtime_984,20221205,2022-12-05T00:00:00,2022-12-05T12:22:50,2022-12-05T13:59:35,12,96.75456666666668,96.75456666666668,0.0,60+ min
downtime_985,20221205,2022-12-05T00:00:00,2022-12-05T14:03:35,2022-12-05T14:05:05,14,1.5002333333333333,1.5002333333333333,0.0,1–5 min
downtime_986,20221205,2022-12-05T00:00:00,2022-12-05T14:05:50,2022-12-05T14:06:50,14,1.0005,1.0005,0.0,1–5 min
downtime_987,20221205,2022-12-05T00:00:00,2022-12-05T14:25:20,2022-12-05T14:28:05,14,2.7501,2.7501,0.0,1–5 min
downtime_988,20221205,2022-12-05T00:00:00,2022-12-05T14:30:35,2022-12-05T14:31:35,14,1.0000666666666667,1.0000666666666667,0.0,1–5 min
downtime_989,20221205,2022-12-05T00:00:00,2022-12-05T14:32:20,2022-12-05T14:34:35,14,2.2500833333333334,2.2500833333333334,0.0,1–5 min
downtime_990,20221205,2022-12-05T00:00:00,2022-12-05T14:37:05,2022-12-05T14:40:05,14,3.0004166666666667,3.0004166666666667,0.0,1–5 min
downtime_991,20221205,2022-12-05T00:00:00,2022-12-05T14:46:05,2022-12-05T14:48:50,14,2.7500833333333334,2.7500833333333334,0.0,1–5 min
downtime_992,20221205,2022-12-05T00:00:00,2022-12-05T14:54:20,2022-12-05T14:56:05,14,1.7501333333333333,1.7501333333333333,0.0,1–5 min
downtime_993,20221205,2022-12-05T00:00:00,2022-12-05T15:02:05,2022-12-05T15:09:20,15,7.2505,7.2505,0.0,5–15 min
downtime_994,20221206,2022-12-06T00:00:00,2022-12-06T07:47:55,2022-12-06T07:49:10,7,1.2500666666666667,1.2500666666666667,0.0,1–5 min
downtime_995,20221206,2022-12-06T00:00:00,2022-12-06T07:51:25,2022-12-06T13:41:15,7,349.8316833333334,349.8316833333334,0.0,60+ min
downtime_996,20221206,2022-12-06T00:00:00,2022-12-06T13:49:45,2022-12-06T14:32:00,13,42.26155000000001,42.26155000000001,0.0,15–60 min
downtime_997,20221206,2022-12-06T00:00:00,2022-12-06T15:07:45,2022-12-06T15:12:15,15,4.500183333333334,4.500183333333334,0.0,1–5 min
downtime_998,20221206,2022-12-06T00:00:00,2022-12-06T15:14:45,2022-12-06T15:16:15,15,1.5001,1.5001,0.0,1–5 min
downtime_999,20221206,2022-12-06T00:00:00,2022-12-06T15:27:30,2022-12-06T15:32:31,15,5.000299999999999,5.000299999999999,0.0,5–15 min
downtime_1000,20221206,2022-12-06T00:00:00,2022-12-06T15:39:01,2022-12-06T15:42:46,15,3.750516666666667,3.750516666666667,0.0,1–5 min
downtime_1001,20221206,2022-12-06T00:00:00,2022-12-06T15:54:01,2022-12-06T15:55:16,15,1.2500333333333333,1.2500333333333333,0.0,1–5 min
downtime_1002,20221206,2022-12-06T00:00:00,2022-12-06T15:57:16,2022-12-06T15:58:16,15,1.00015,1.00015,0.0,1–5 min
downtime_1003,20221206,2022-12-06T00:00:00,2022-12-06T16:06:01,2022-12-06T16:07:16,16,1.25005,1.25005,0.0,1–5 min
downtime_1004,20221208,2022-12-08T00:00:00,2022-12-08T11:12:35,2022-12-08T11:18:03,11,5.473483333333333,5.473483333333333,0.0,5–15 min
downtime_1005,20221208,2022-12-08T00:00:00,2022-12-08T11:29:48,2022-12-08T11:34:18,11,4.500299999999999,4.500299999999999,0.0,1–5 min
downtime_1006,20221208,2022-12-08T00:00:00,2022-12-08T11:45:03,2022-12-08T11:51:18,11,6.2502,6.2502,0.0,5–15 min
downtime_1007,20221208,2022-12-08T00:00:00,2022-12-08T12:13:04,2022-12-08T12:14:19,12,1.2517666666666665,1.2517666666666665,0.0,1–5 min
downtime_1008,20221208,2022-12-08T00:00:00,2022-12-08T12:27:04,2022-12-08T12:29:49,12,2.7502833333333334,2.7502833333333334,0.0,1–5 min
downtime_1009,20221208,2022-12-08T00:00:00,2022-12-08T12:34:34,2022-12-08T14:04:04,12,89.50421666666666,89.50421666666666,0.0,60+ min
downtime_1010,20221208,2022-12-08T00:00:00,2022-12-08T14:05:04,2022-12-08T14:25:49,14,20.751783333333332,20.751783333333332,0.0,15–60 min
downtime_1011,20221208,2022-12-08T00:00:00,2022-12-08T14:47:04,2022-12-08T14:48:49,14,1.7500333333333333,1.7500333333333333,0.0,1–5 min
downtime_1012,20221208,2022-12-08T00:00:00,2022-12-08T14:50:19,2022-12-08T14:52:19,14,2.0000666666666667,2.0000666666666667,0.0,1–5 min
downtime_1013,20221208,2022-12-08T00:00:00,2022-12-08T15:12:04,2022-12-08T16:16:49,15,64.75308333333334,64.75308333333334,0.0,60+ min
downtime_1014,20221208,2022-12-08T00:00:00,2022-12-08T16:24:04,2022-12-08T16:27:04,16,3.0004666666666666,3.0004666666666666,0.0,1–5 min
downtime_1015,20221208,2022-12-08T00:00:00,2022-12-08T17:09:19,2022-12-08T17:33:34,17,24.251166666666666,24.251166666666666,0.0,15–60 min
downtime_1016,20221208,2022-12-08T00:00:00,2022-12-08T17:39:49,2022-12-08T17:42:19,17,2.5001,2.5001,0.0,1–5 min
downtime_1017,20221208,2022-12-08T00:00:00,2022-12-08T17:47:34,2022-12-08T17:48:34,17,0.99995,0.99995,0.0,<1 min
downtime_1018,20221213,2022-12-13T00:00:00,2022-12-13T07:06:42,2022-12-13T07:26:42,7,20.000866666666663,20.000866666666663,0.0,15–60 min
downtime_1019,20221213,2022-12-13T00:00:00,2022-12-13T07:27:27,2022-12-13T08:02:39,7,35.18436666666666,35.18436666666666,0.0,15–60 min
downtime_1020,20221213,2022-12-13T00:00:00,2022-12-13T08:04:54,2022-12-13T08:11:54,8,7.000649999999999,7.000649999999999,0.0,5–15 min
downtime_1021,20221213,2022-12-13T00:00:00,2022-12-13T08:13:09,2022-12-13T09:59:39,8,106.50501666666668,106.50501666666668,0.0,60+ min
downtime_1022,20221213,2022-12-13T00:00:00,2022-12-13T10:03:39,2022-12-13T10:10:54,10,7.250333333333333,7.250333333333333,0.0,5–15 min
downtime_1023,20221213,2022-12-13T00:00:00,2022-12-13T10:16:54,2022-12-13T10:18:09,10,1.25005,1.25005,0.0,1–5 min
downtime_1024,20221213,2022-12-13T00:00:00,2022-12-13T10:32:39,2022-12-13T10:34:09,10,1.5032833333333333,1.5032833333333333,0.0,1–5 min
downtime_1025,20221213,2022-12-13T00:00:00,2022-12-13T10:44:54,2022-12-13T10:46:39,10,1.7501333333333333,1.7501333333333333,0.0,1–5 min
downtime_1026,20221213,2022-12-13T00:00:00,2022-12-13T10:51:39,2022-12-13T10:55:39,10,4.001133333333334,4.001133333333334,0.0,1–5 min
downtime_1027,20221213,2022-12-13T00:00:00,2022-12-13T11:03:24,2022-12-13T11:06:09,11,2.7505,2.7505,0.0,1–5 min
downtime_1028,20221213,2022-12-13T00:00:00,2022-12-13T11:13:24,2022-12-13T11:16:54,11,3.4999166666666666,3.4999166666666666,0.0,1–5 min
downtime_1029,20221213,2022-12-13T00:00:00,2022-12-13T11:21:09,2022-12-13T11:24:39,11,3.5001666666666664,3.5001666666666664,0.0,1–5 min
downtime_1030,20221213,2022-12-13T00:00:00,2022-12-13T11:30:09,2022-12-13T11:37:09,11,7.000299999999999,7.000299999999999,0.0,5–15 min
downtime_1031,20221213,2022-12-13T00:00:00,2022-12-13T11:38:54,2022-12-13T11:41:54,11,3.0001666666666664,3.0001666666666664,0.0,1–5 min
downtime_1032,20221213,2022-12-13T00:00:00,2022-12-13T11:47:39,2022-12-13T11:49:39,11,2.0000833333333334,2.0000833333333334,0.0,1–5 min
downtime_1033,20221213,2022-12-13T00:00:00,2022-12-13T11:51:24,2022-12-13T11:53:39,11,2.249683333333333,2.249683333333333,0.0,1–5 min
downtime_1034,20221213,2022-12-13T00:00:00,2022-12-13T11:57:39,2022-12-13T11:59:09,11,1.4995833333333333,1.4995833333333333,0.0,1–5 min
downtime_1035,20221213,2022-12-13T00:00:00,2022-12-13T12:01:24,2022-12-13T12:02:24,12,1.0000333333333333,1.0000333333333333,0.0,1–5 min
downtime_1036,20221213,2022-12-13T00:00:00,2022-12-13T12:10:39,2022-12-13T13:57:24,12,106.75471666666667,106.75471666666667,0.0,60+ min
downtime_1037,20221213,2022-12-13T00:00:00,2022-12-13T13:59:40,2022-12-13T14:01:40,13,2.000166666666667,2.000166666666667,0.0,1–5 min
downtime_1038,20221213,2022-12-13T00:00:00,2022-12-13T14:04:25,2022-12-13T14:06:55,14,2.5005333333333337,2.5005333333333337,0.0,1–5 min
downtime_1039,20221213,2022-12-13T00:00:00,2022-12-13T14:10:25,2022-12-13T14:11:25,14,1.0002666666666666,1.0002666666666666,0.0,1–5 min
downtime_1040,20221213,2022-12-13T00:00:00,2022-12-13T14:15:40,2022-12-13T14:16:55,14,1.2506,1.2506,0.0,1–5 min
downtime_1041,20221213,2022-12-13T00:00:00,2022-12-13T14:20:10,2022-12-13T14:21:55,14,1.7496166666666668,1.7496166666666668,0.0,1–5 min
downtime_1042,20221213,2022-12-13T00:00:00,2022-12-13T14:24:55,2022-12-13T14:26:25,14,1.5005333333333333,1.5005333333333333,0.0,1–5 min
downtime_1043,20221213,2022-12-13T00:00:00,2022-12-13T14:29:55,2022-12-13T14:30:55,14,0.9999333333333333,0.9999333333333333,0.0,<1 min
downtime_1044,20221213,2022-12-13T00:00:00,2022-12-13T14:38:25,2022-12-13T15:44:25,14,66.00311666666667,66.00311666666667,0.0,60+ min
downtime_1045,20221213,2022-12-13T00:00:00,2022-12-13T15:50:10,2022-12-13T15:58:55,15,8.750383333333334,8.750383333333334,0.0,5–15 min
downtime_1046,20221213,2022-12-13T00:00:00,2022-12-13T16:04:25,2022-12-13T16:06:55,16,2.4999166666666666,2.4999166666666666,0.0,1–5 min
downtime_1047,20221213,2022-12-13T00:00:00,2022-12-13T16:12:10,2022-12-13T16:13:55,16,1.7501166666666668,1.7501166666666668,0.0,1–5 min
downtime_1048,20221213,2022-12-13T00:00:00,2022-12-13T16:17:25,2022-12-13T16:18:55,16,1.5000833333333332,1.5000833333333332,0.0,1–5 min
downtime_1049,20221213,2022-12-13T00:00:00,2022-12-13T16:31:10,2022-12-13T16:32:40,16,1.4998166666666668,1.4998166666666668,0.0,1–5 min
downtime_1050,20221213,2022-12-13T00:00:00,2022-12-13T16:35:40,2022-12-13T16:36:55,16,1.25,1.25,0.0,1–5 min
downtime_1051,20221213,2022-12-13T00:00:00,2022-12-13T16:46:55,2022-12-13T16:48:10,16,1.2499666666666667,1.2499666666666667,0.0,1–5 min
downtime_1052,20221213,2022-12-13T00:00:00,2022-12-13T16:48:55,2022-12-13T16:50:55,16,2.0001333333333333,2.0001333333333333,0.0,1–5 min
downtime_1053,20221213,2022-12-13T00:00:00,2022-12-13T16:54:55,2022-12-13T16:57:55,16,3.0001666666666664,3.0001666666666664,0.0,1–5 min
downtime_1054,20221216,2022-12-16T00:00:00,2022-12-16T16:33:17,2022-12-16T16:34:47,16,1.5002333333333333,1.5002333333333333,0.0,1–5 min
downtime_1055,20221216,2022-12-16T00:00:00,2022-12-16T16:35:47,2022-12-16T16:37:17,16,1.4980166666666668,1.4980166666666668,0.0,1–5 min
downtime_1056,20221216,2022-12-16T00:00:00,2022-12-16T16:38:02,2022-12-16T16:41:47,16,3.7506666666666666,3.7506666666666666,0.0,1–5 min
downtime_1057,20221216,2022-12-16T00:00:00,2022-12-16T16:43:02,2022-12-16T16:45:02,16,1.9999833333333332,1.9999833333333332,0.0,1–5 min
downtime_1058,20221216,2022-12-16T00:00:00,2022-12-16T16:51:47,2022-12-16T16:58:17,16,6.502716666666667,6.502716666666667,0.0,5–15 min
downtime_1059,20221216,2022-12-16T00:00:00,2022-12-16T17:01:02,2022-12-16T17:15:02,17,14.000599999999999,14.000599999999999,0.0,5–15 min
downtime_1060,20221216,2022-12-16T00:00:00,2022-12-16T17:20:47,2022-12-16T17:23:47,17,2.9968999999999997,2.9968999999999997,0.0,1–5 min
downtime_1061,20221216,2022-12-16T00:00:00,2022-12-16T17:25:02,2022-12-16T17:27:47,17,2.7502833333333334,2.7502833333333334,0.0,1–5 min
downtime_1062,20221219,2022-12-19T00:00:00,2022-12-19T11:05:21,2022-12-19T11:07:51,11,2.500516666666667,2.500516666666667,0.0,1–5 min
downtime_1063,20221219,2022-12-19T00:00:00,2022-12-19T11:08:36,2022-12-19T11:13:51,11,5.250299999999999,5.250299999999999,0.0,5–15 min
downtime_1064,20221219,2022-12-19T00:00:00,2022-12-19T11:21:21,2022-12-19T11:23:21,11,2.0000666666666667,2.0000666666666667,0.0,1–5 min
downtime_1065,20221219,2022-12-19T00:00:00,2022-12-19T11:24:51,2022-12-19T11:27:21,11,2.5002666666666666,2.5002666666666666,0.0,1–5 min
downtime_1066,20221219,2022-12-19T00:00:00,2022-12-19T11:31:36,2022-12-19T11:32:51,11,1.25005,1.25005,0.0,1–5 min
downtime_1067,20221219,2022-12-19T00:00:00,2022-12-19T11:33:51,2022-12-19T11:35:06,11,1.2503333333333333,1.2503333333333333,0.0,1–5 min
downtime_1068,20221219,2022-12-19T00:00:00,2022-12-19T11:37:06,2022-12-19T14:24:51,11,167.75808333333333,167.75808333333333,0.0,60+ min
downtime_1069,20221219,2022-12-19T00:00:00,2022-12-19T14:26:21,2022-12-19T14:27:21,14,1.0000666666666667,1.0000666666666667,0.0,1–5 min
downtime_1070,20221219,2022-12-19T00:00:00,2022-12-19T14:33:21,2022-12-19T14:35:06,14,1.7500666666666667,1.7500666666666667,0.0,1–5 min
downtime_1071,20221219,2022-12-19T00:00:00,2022-12-19T14:36:06,2022-12-19T14:37:51,14,1.7501166666666668,1.7501166666666668,0.0,1–5 min
downtime_1072,20221219,2022-12-19T00:00:00,2022-12-19T14:39:36,2022-12-19T14:42:36,14,2.9998833333333335,2.9998833333333335,0.0,1–5 min
downtime_1073,20221219,2022-12-19T00:00:00,2022-12-19T14:44:06,2022-12-19T14:46:21,14,2.2501499999999997,2.2501499999999997,0.0,1–5 min
downtime_1074,20221219,2022-12-19T00:00:00,2022-12-19T14:49:06,2022-12-19T15:03:51,14,14.750866666666667,14.750866666666667,0.0,5–15 min
downtime_1075,20221219,2022-12-19T00:00:00,2022-12-19T15:04:51,2022-12-19T15:06:36,15,1.7503333333333333,1.7503333333333333,0.0,1–5 min
downtime_1076,20221219,2022-12-19T00:00:00,2022-12-19T15:07:51,2022-12-19T15:10:06,15,2.2503666666666664,2.2503666666666664,0.0,1–5 min
downtime_1077,20221219,2022-12-19T00:00:00,2022-12-19T15:11:21,2022-12-19T15:14:06,15,2.7501166666666665,2.7501166666666665,0.0,1–5 min
downtime_1078,20221219,2022-12-19T00:00:00,2022-12-19T15:15:21,2022-12-19T15:17:21,15,2.0001,2.0001,0.0,1–5 min
downtime_1079,20221219,2022-12-19T00:00:00,2022-12-19T15:19:21,2022-12-19T15:45:36,15,26.251516666666664,26.251516666666664,0.0,15–60 min
downtime_1080,20221219,2022-12-19T00:00:00,2022-12-19T15:50:36,2022-12-19T15:54:36,15,4.00015,4.00015,0.0,1–5 min
downtime_1081,20221219,2022-12-19T00:00:00,2022-12-19T15:55:21,2022-12-19T16:34:21,15,39.00185,39.00185,0.0,15–60 min
downtime_1082,20221219,2022-12-19T00:00:00,2022-12-19T16:35:36,2022-12-19T16:36:36,16,1.0003166666666667,1.0003166666666667,0.0,1–5 min
downtime_1083,20221219,2022-12-19T00:00:00,2022-12-19T16:37:21,2022-12-19T16:38:36,16,1.24975,1.24975,0.0,1–5 min
downtime_1084,20221219,2022-12-19T00:00:00,2022-12-19T16:39:21,2022-12-19T16:40:06,16,0.74975,0.74975,0.0,<1 min
downtime_1085,20221219,2022-12-19T00:00:00,2022-12-19T16:40:52,2022-12-19T16:42:06,16,1.2494166666666666,1.2494166666666666,0.0,1–5 min
downtime_1086,20221219,2022-12-19T00:00:00,2022-12-19T16:43:36,2022-12-19T16:45:51,16,2.2501166666666665,2.2501166666666665,0.0,1–5 min
downtime_1087,20221220,2022-12-20T00:00:00,2022-12-20T11:40:31,2022-12-20T11:44:46,11,4.250233333333333,4.250233333333333,0.0,1–5 min
downtime_1088,20221220,2022-12-20T00:00:00,2022-12-20T11:46:31,2022-12-20T11:48:16,11,1.7500833333333332,1.7500833333333332,0.0,1–5 min
downtime_1089,20221220,2022-12-20T00:00:00,2022-12-20T11:54:31,2022-12-20T11:56:46,11,2.2499333333333333,2.2499333333333333,0.0,1–5 min
downtime_1090,20221220,2022-12-20T00:00:00,2022-12-20T12:08:17,2022-12-20T12:13:56,12,5.6558,5.6558,0.0,5–15 min
downtime_1091,20221220,2022-12-20T00:00:00,2022-12-20T12:34:11,2022-12-20T14:20:56,12,106.75511666666667,106.75511666666667,0.0,60+ min
downtime_1092,20221220,2022-12-20T00:00:00,2022-12-20T14:33:56,2022-12-20T14:35:41,14,1.7501166666666668,1.7501166666666668,0.0,1–5 min
downtime_1093,20221220,2022-12-20T00:00:00,2022-12-20T14:43:11,2022-12-20T14:46:56,14,3.7498833333333335,3.7498833333333335,0.0,1–5 min
downtime_1094,20221220,2022-12-20T00:00:00,2022-12-20T14:51:56,2022-12-20T14:54:11,14,2.2500666666666667,2.2500666666666667,0.0,1–5 min
downtime_1095,20221220,2022-12-20T00:00:00,2022-12-20T14:56:56,2022-12-20T14:57:56,14,0.9999833333333333,0.9999833333333333,0.0,<1 min
downtime_1096,20221220,2022-12-20T00:00:00,2022-12-20T15:04:26,2022-12-20T15:05:56,15,1.50005,1.50005,0.0,1–5 min
downtime_1097,20221220,2022-12-20T00:00:00,2022-12-20T15:06:56,2022-12-20T15:07:56,15,1.0002333333333333,1.0002333333333333,0.0,1–5 min
downtime_1098,20221220,2022-12-20T00:00:00,2022-12-20T15:14:41,2022-12-20T15:18:11,15,3.500183333333333,3.500183333333333,0.0,1–5 min
downtime_1099,20221220,2022-12-20T00:00:00,2022-12-20T15:28:11,2022-12-20T15:29:56,15,1.7501333333333333,1.7501333333333333,0.0,1–5 min
downtime_1100,20221220,2022-12-20T00:00:00,2022-12-20T15:39:41,2022-12-20T15:40:41,15,0.9999166666666667,0.9999166666666667,0.0,<1 min
downtime_1101,20221220,2022-12-20T00:00:00,2022-12-20T15:46:57,2022-12-20T15:47:57,15,0.9996333333333334,0.9996333333333334,0.0,<1 min
downtime_1102,20221220,2022-12-20T00:00:00,2022-12-20T15:50:57,2022-12-20T15:53:57,15,3.0000166666666668,3.0000166666666668,0.0,1–5 min
downtime_1103,20221220,2022-12-20T00:00:00,2022-12-20T15:57:12,2022-12-20T15:58:12,15,1.0040166666666666,1.0040166666666666,0.0,1–5 min
downtime_1104,20221220,2022-12-20T00:00:00,2022-12-20T16:04:42,2022-12-20T16:08:12,16,3.4997833333333332,3.4997833333333332,0.0,1–5 min
downtime_1105,20221220,2022-12-20T00:00:00,2022-12-20T16:23:57,2022-12-20T16:35:42,16,11.750566666666666,11.750566666666666,0.0,5–15 min
downtime_1106,20221220,2022-12-20T00:00:00,2022-12-20T16:37:12,2022-12-20T16:39:27,16,2.2502,2.2502,0.0,1–5 min
downtime_1107,20221220,2022-12-20T00:00:00,2022-12-20T16:40:12,2022-12-20T16:41:42,16,1.5000166666666668,1.5000166666666668,0.0,1–5 min
downtime_1108,20221220,2022-12-20T00:00:00,2022-12-20T16:48:42,2022-12-20T16:49:42,16,1.0027166666666667,1.0027166666666667,0.0,1–5 min
downtime_1109,20221220,2022-12-20T00:00:00,2022-12-20T16:52:57,2022-12-20T16:54:42,16,1.74965,1.74965,0.0,1–5 min
downtime_1110,20221220,2022-12-20T00:00:00,2022-12-20T17:00:57,2022-12-20T17:02:42,17,1.7499,1.7499,0.0,1–5 min
downtime_1111,20221220,2022-12-20T00:00:00,2022-12-20T17:07:42,2022-12-20T17:13:27,17,5.749816666666666,5.749816666666666,0.0,5–15 min
downtime_1112,20221220,2022-12-20T00:00:00,2022-12-20T17:28:57,2022-12-20T17:30:57,17,1.99955,1.99955,0.0,1–5 min
downtime_1113,20221221,2022-12-21T00:00:00,2022-12-21T10:04:12,2022-12-21T10:06:57,10,2.7500166666666668,2.7500166666666668,0.0,1–5 min
downtime_1114,20221221,2022-12-21T00:00:00,2022-12-21T10:12:42,2022-12-21T10:14:42,10,1.9995,1.9995,0.0,1–5 min
downtime_1115,20221221,2022-12-21T00:00:00,2022-12-21T10:18:12,2022-12-21T10:19:42,10,1.5000833333333332,1.5000833333333332,0.0,1–5 min
downtime_1116,20221221,2022-12-21T00:00:00,2022-12-21T10:23:57,2022-12-21T10:26:57,10,2.99995,2.99995,0.0,1–5 min
downtime_1117,20221221,2022-12-21T00:00:00,2022-12-21T10:31:27,2022-12-21T10:40:12,10,8.750499999999999,8.750499999999999,0.0,5–15 min
downtime_1118,20221221,2022-12-21T00:00:00,2022-12-21T10:42:27,2022-12-21T10:43:57,10,1.5001,1.5001,0.0,1–5 min
downtime_1119,20221221,2022-12-21T00:00:00,2022-12-21T10:45:42,2022-12-21T10:47:12,10,1.5001166666666668,1.5001166666666668,0.0,1–5 min
downtime_1120,20221221,2022-12-21T00:00:00,2022-12-21T10:49:12,2022-12-21T10:51:12,10,2.00005,2.00005,0.0,1–5 min
downtime_1121,20221221,2022-12-21T00:00:00,2022-12-21T10:53:42,2022-12-21T10:54:57,10,1.2498166666666668,1.2498166666666668,0.0,1–5 min
downtime_1122,20221221,2022-12-21T00:00:00,2022-12-21T10:56:46,2022-12-21T11:00:01,10,3.2501333333333333,3.2501333333333333,0.0,1–5 min
downtime_1123,20221221,2022-12-21T00:00:00,2022-12-21T11:01:16,2022-12-21T11:02:16,11,0.9998166666666666,0.9998166666666666,0.0,<1 min
downtime_1124,20221221,2022-12-21T00:00:00,2022-12-21T11:11:01,2022-12-21T11:13:16,11,2.250916666666667,2.250916666666667,0.0,1–5 min
downtime_1125,20221221,2022-12-21T00:00:00,2022-12-21T11:15:01,2022-12-21T11:16:46,11,1.7501666666666666,1.7501666666666666,0.0,1–5 min
downtime_1126,20221221,2022-12-21T00:00:00,2022-12-21T11:18:16,2022-12-21T11:20:16,11,2.000583333333333,2.000583333333333,0.0,1–5 min
downtime_1127,20221221,2022-12-21T00:00:00,2022-12-21T11:27:31,2022-12-21T11:29:16,11,1.7502166666666668,1.7502166666666668,0.0,1–5 min
downtime_1128,20221221,2022-12-21T00:00:00,2022-12-21T11:32:01,2022-12-21T11:37:16,11,5.250283333333333,5.250283333333333,0.0,5–15 min
downtime_1129,20221221,2022-12-21T00:00:00,2022-12-21T11:38:01,2022-12-21T11:39:01,11,1.0043833333333334,1.0043833333333334,0.0,1–5 min
downtime_1130,20221221,2022-12-21T00:00:00,2022-12-21T11:40:01,2022-12-21T11:42:46,11,2.7499333333333333,2.7499333333333333,0.0,1–5 min
downtime_1131,20221221,2022-12-21T00:00:00,2022-12-21T11:48:31,2022-12-21T11:49:46,11,1.2503666666666668,1.2503666666666668,0.0,1–5 min
downtime_1132,20221221,2022-12-21T00:00:00,2022-12-21T11:53:31,2022-12-21T11:57:01,11,3.5101,3.5101,0.0,1–5 min
downtime_1133,20221221,2022-12-21T00:00:00,2022-12-21T12:03:31,2022-12-21T14:42:08,12,158.60276666666667,158.60276666666667,0.0,60+ min
downtime_1134,20221221,2022-12-21T00:00:00,2022-12-21T14:42:52,2022-12-21T14:44:23,14,1.5006333333333333,1.5006333333333333,0.0,1–5 min
downtime_1135,20221221,2022-12-21T00:00:00,2022-12-21T14:45:23,2022-12-21T14:46:53,14,1.5001,1.5001,0.0,1–5 min
downtime_1136,20221221,2022-12-21T00:00:00,2022-12-21T14:55:53,2022-12-21T14:57:36,14,1.7294166666666666,1.7294166666666666,0.0,1–5 min
downtime_1137,20221221,2022-12-21T00:00:00,2022-12-21T14:59:53,2022-12-21T15:00:53,14,1.0022333333333333,1.0022333333333333,0.0,1–5 min
downtime_1138,20221221,2022-12-21T00:00:00,2022-12-21T15:02:23,2022-12-21T15:06:08,15,3.7500166666666668,3.7500166666666668,0.0,1–5 min
downtime_1139,20221221,2022-12-21T00:00:00,2022-12-21T15:07:08,2022-12-21T15:12:08,15,5.000216666666666,5.000216666666666,0.0,5–15 min
downtime_1140,20221221,2022-12-21T00:00:00,2022-12-21T15:13:38,2022-12-21T15:14:38,15,1.0000833333333334,1.0000833333333334,0.0,1–5 min
downtime_1141,20221221,2022-12-21T00:00:00,2022-12-21T15:28:23,2022-12-21T15:29:53,15,1.5002333333333333,1.5002333333333333,0.0,1–5 min
downtime_1142,20221221,2022-12-21T00:00:00,2022-12-21T16:40:23,2022-12-21T16:51:53,16,11.500733333333333,11.500733333333333,0.0,5–15 min
downtime_1143,20221221,2022-12-21T00:00:00,2022-12-21T16:59:23,2022-12-21T17:01:23,16,1.9972166666666666,1.9972166666666666,0.0,1–5 min
downtime_1144,20221221,2022-12-21T00:00:00,2022-12-21T17:14:08,2022-12-21T17:29:53,17,15.750733333333333,15.750733333333333,0.0,15–60 min
downtime_1145,20221221,2022-12-21T00:00:00,2022-12-21T17:37:08,2022-12-21T17:38:38,17,1.5003,1.5003,0.0,1–5 min
downtime_1146,20221221,2022-12-21T00:00:00,2022-12-21T17:45:08,2022-12-21T17:46:38,17,1.4999666666666667,1.4999666666666667,0.0,1–5 min
downtime_1147,20221221,2022-12-21T00:00:00,2022-12-21T17:49:08,2022-12-21T17:52:23,17,3.2498833333333335,3.2498833333333335,0.0,1–5 min
downtime_1148,20221222,2022-12-22T00:00:00,2022-12-22T10:58:30,2022-12-22T11:00:45,10,2.25005,2.25005,0.0,1–5 min
downtime_1149,20221222,2022-12-22T00:00:00,2022-12-22T11:13:45,2022-12-22T11:15:00,11,1.2500333333333333,1.2500333333333333,0.0,1–5 min
downtime_1150,20221222,2022-12-22T00:00:00,2022-12-22T11:31:00,2022-12-22T11:32:30,11,1.4997333333333331,1.4997333333333331,0.0,1–5 min
downtime_1151,20221222,2022-12-22T00:00:00,2022-12-22T11:40:00,2022-12-22T11:41:00,11,0.9998333333333334,0.9998333333333334,0.0,<1 min
downtime_1152,20221222,2022-12-22T00:00:00,2022-12-22T11:47:30,2022-12-22T11:53:30,11,5.992850000000001,5.992850000000001,0.0,5–15 min
downtime_1153,20221222,2022-12-22T00:00:00,2022-12-22T11:55:15,2022-12-22T11:56:15,11,1.0001333333333333,1.0001333333333333,0.0,1–5 min
downtime_1154,20221222,2022-12-22T00:00:00,2022-12-22T12:00:00,2022-12-22T12:10:30,12,10.499483333333334,10.499483333333334,0.0,5–15 min
downtime_1155,20221222,2022-12-22T00:00:00,2022-12-22T12:12:15,2022-12-22T15:02:45,12,170.50765,170.50765,0.0,60+ min
downtime_1156,20221222,2022-12-22T00:00:00,2022-12-22T16:19:46,2022-12-22T16:26:46,16,7.001933333333333,7.001933333333333,0.0,5–15 min
downtime_1157,20221222,2022-12-22T00:00:00,2022-12-22T16:36:16,2022-12-22T16:37:46,16,1.5001,1.5001,0.0,1–5 min
downtime_1158,20221222,2022-12-22T00:00:00,2022-12-22T16:51:16,2022-12-22T16:55:16,16,3.9979666666666662,3.9979666666666662,0.0,1–5 min
downtime_1159,20221223,2022-12-23T00:00:00,2022-12-23T09:46:49,2022-12-23T09:56:19,9,9.500433333333332,9.500433333333332,0.0,5–15 min
downtime_1160,20221223,2022-12-23T00:00:00,2022-12-23T09:57:19,2022-12-23T10:00:49,9,3.4999,3.4999,0.0,1–5 min
downtime_1161,20221223,2022-12-23T00:00:00,2022-12-23T10:21:34,2022-12-23T10:23:49,10,2.2502,2.2502,0.0,1–5 min
downtime_1162,20221223,2022-12-23T00:00:00,2022-12-23T10:24:50,2022-12-23T10:28:05,10,3.250316666666667,3.250316666666667,0.0,1–5 min
downtime_1163,20221223,2022-12-23T00:00:00,2022-12-23T10:35:50,2022-12-23T10:39:35,10,3.7499833333333332,3.7499833333333332,0.0,1–5 min
downtime_1164,20221223,2022-12-23T00:00:00,2022-12-23T10:43:20,2022-12-23T10:52:05,10,8.750216666666667,8.750216666666667,0.0,5–15 min
downtime_1165,20221223,2022-12-23T00:00:00,2022-12-23T11:01:50,2022-12-23T11:06:20,11,4.499766666666667,4.499766666666667,0.0,1–5 min
downtime_1166,20221223,2022-12-23T00:00:00,2022-12-23T11:11:50,2022-12-23T11:21:05,11,9.250516666666666,9.250516666666666,0.0,5–15 min
downtime_1167,20221223,2022-12-23T00:00:00,2022-12-23T11:30:35,2022-12-23T11:32:20,11,1.75005,1.75005,0.0,1–5 min
downtime_1168,20221223,2022-12-23T00:00:00,2022-12-23T11:35:05,2022-12-23T11:36:05,11,1.0002166666666665,1.0002166666666665,0.0,1–5 min
downtime_1169,20221223,2022-12-23T00:00:00,2022-12-23T11:39:35,2022-12-23T11:43:50,11,4.249766666666667,4.249766666666667,0.0,1–5 min
downtime_1170,20221223,2022-12-23T00:00:00,2022-12-23T11:48:50,2022-12-23T11:55:05,11,6.2503166666666665,6.2503166666666665,0.0,5–15 min
downtime_1171,20221223,2022-12-23T00:00:00,2022-12-23T12:03:35,2022-12-23T12:09:05,12,5.500299999999999,5.500299999999999,0.0,5–15 min
downtime_1172,20221223,2022-12-23T00:00:00,2022-12-23T12:18:35,2022-12-23T12:19:35,12,1.0000333333333333,1.0000333333333333,0.0,1–5 min
downtime_1173,20221223,2022-12-23T00:00:00,2022-12-23T12:26:35,2022-12-23T12:27:35,12,1.0000166666666666,1.0000166666666666,0.0,1–5 min
downtime_1174,20221223,2022-12-23T00:00:00,2022-12-23T12:29:20,2022-12-23T12:30:50,12,1.5001666666666666,1.5001666666666666,0.0,1–5 min
downtime_1175,20221223,2022-12-23T00:00:00,2022-12-23T12:32:05,2022-12-23T12:33:50,12,1.7497666666666667,1.7497666666666667,0.0,1–5 min
downtime_1176,20221223,2022-12-23T00:00:00,2022-12-23T12:37:50,2022-12-23T12:39:50,12,1.9995,1.9995,0.0,1–5 min
downtime_1177,20221223,2022-12-23T00:00:00,2022-12-23T12:42:50,2022-12-23T12:44:20,12,1.5002,1.5002,0.0,1–5 min
downtime_1178,20221226,2022-12-26T00:00:00,2022-12-26T15:52:22,2022-12-26T16:04:37,15,12.250599999999999,12.250599999999999,0.0,5–15 min
downtime_1179,20221226,2022-12-26T00:00:00,2022-12-26T16:21:52,2022-12-26T16:26:37,16,4.7494,4.7494,0.0,1–5 min
downtime_1180,20221226,2022-12-26T00:00:00,2022-12-26T16:32:52,2022-12-26T16:39:22,16,6.5004333333333335,6.5004333333333335,0.0,5–15 min
downtime_1181,20221227,2022-12-27T00:00:00,2022-12-27T10:50:21,2022-12-27T10:51:51,10,1.5001166666666668,1.5001166666666668,0.0,1–5 min
downtime_1182,20221227,2022-12-27T00:00:00,2022-12-27T11:19:06,2022-12-27T11:58:06,11,39.00185,39.00185,0.0,15–60 min
downtime_1183,20221227,2022-12-27T00:00:00,2022-12-27T12:17:51,2022-12-27T12:19:51,12,2.00035,2.00035,0.0,1–5 min
downtime_1184,20221227,2022-12-27T00:00:00,2022-12-27T12:29:06,2022-12-27T15:11:52,12,162.75798333333333,162.75798333333333,0.0,60+ min
downtime_1185,20221227,2022-12-27T00:00:00,2022-12-27T15:18:22,2022-12-27T15:20:52,15,2.5001666666666664,2.5001666666666664,0.0,1–5 min
downtime_1186,20221227,2022-12-27T00:00:00,2022-12-27T15:23:52,2022-12-27T15:26:22,15,2.5002,2.5002,0.0,1–5 min
downtime_1187,20221227,2022-12-27T00:00:00,2022-12-27T15:28:37,2022-12-27T15:33:07,15,4.50005,4.50005,0.0,1–5 min
downtime_1188,20221227,2022-12-27T00:00:00,2022-12-27T15:36:22,2022-12-27T15:45:37,15,9.25295,9.25295,0.0,5–15 min
downtime_1189,20221227,2022-12-27T00:00:00,2022-12-27T15:53:37,2022-12-27T16:00:52,15,7.250616666666667,7.250616666666667,0.0,5–15 min
downtime_1190,20221227,2022-12-27T00:00:00,2022-12-27T16:05:37,2022-12-27T16:51:04,16,45.46126666666667,45.46126666666667,0.0,15–60 min
downtime_1191,20221227,2022-12-27T00:00:00,2022-12-27T16:55:49,2022-12-27T16:57:04,16,1.2500833333333332,1.2500833333333332,0.0,1–5 min
downtime_1192,20221227,2022-12-27T00:00:00,2022-12-27T16:59:19,2022-12-27T17:04:15,16,4.92005,4.92005,0.0,1–5 min
downtime_1193,20221228,2022-12-28T00:00:00,2022-12-28T11:17:49,2022-12-28T11:22:34,11,4.74965,4.74965,0.0,1–5 min
downtime_1194,20221228,2022-12-28T00:00:00,2022-12-28T11:25:34,2022-12-28T11:28:34,11,3.0000833333333334,3.0000833333333334,0.0,1–5 min
downtime_1195,20221228,2022-12-28T00:00:00,2022-12-28T11:31:34,2022-12-28T11:34:19,11,2.7498333333333336,2.7498333333333336,0.0,1–5 min
downtime_1196,20221228,2022-12-28T00:00:00,2022-12-28T11:38:34,2022-12-28T11:39:34,11,1.0000333333333333,1.0000333333333333,0.0,1–5 min
downtime_1197,20221228,2022-12-28T00:00:00,2022-12-28T11:41:34,2022-12-28T11:46:04,11,4.500733333333333,4.500733333333333,0.0,1–5 min
downtime_1198,20221228,2022-12-28T00:00:00,2022-12-28T11:49:34,2022-12-28T12:01:34,11,12.000566666666666,12.000566666666666,0.0,5–15 min
downtime_1199,20221228,2022-12-28T00:00:00,2022-12-28T12:12:34,2022-12-28T12:15:04,12,2.5007333333333337,2.5007333333333337,0.0,1–5 min
downtime_1200,20221228,2022-12-28T00:00:00,2022-12-28T12:20:34,2022-12-28T12:22:19,12,1.7495666666666667,1.7495666666666667,0.0,1–5 min
downtime_1201,20221228,2022-12-28T00:00:00,2022-12-28T12:25:04,2022-12-28T12:29:34,12,4.50265,4.50265,0.0,1–5 min
downtime_1202,20221228,2022-12-28T00:00:00,2022-12-28T12:33:49,2022-12-28T12:35:34,12,1.7501833333333332,1.7501833333333332,0.0,1–5 min
downtime_1203,20221228,2022-12-28T00:00:00,2022-12-28T12:37:04,2022-12-28T12:43:04,12,6.002033333333333,6.002033333333333,0.0,5–15 min
downtime_1204,20221228,2022-12-28T00:00:00,2022-12-28T12:45:34,2022-12-28T12:46:34,12,0.9999833333333333,0.9999833333333333,0.0,<1 min
downtime_1205,20221228,2022-12-28T00:00:00,2022-12-28T12:50:19,2022-12-28T14:34:04,12,103.75515,103.75515,0.0,60+ min
downtime_1206,20221228,2022-12-28T00:00:00,2022-12-28T14:38:34,2022-12-28T14:39:34,14,1.00185,1.00185,0.0,1–5 min
downtime_1207,20221228,2022-12-28T00:00:00,2022-12-28T14:42:19,2022-12-28T14:45:19,14,3.0001666666666664,3.0001666666666664,0.0,1–5 min
downtime_1208,20221228,2022-12-28T00:00:00,2022-12-28T14:49:19,2022-12-28T14:51:34,14,2.25005,2.25005,0.0,1–5 min
downtime_1209,20221228,2022-12-28T00:00:00,2022-12-28T14:54:49,2022-12-28T15:05:19,14,10.50075,10.50075,0.0,5–15 min
downtime_1210,20221228,2022-12-28T00:00:00,2022-12-28T15:13:49,2022-12-28T15:22:19,15,8.5003,8.5003,0.0,5–15 min
downtime_1211,20221230,2022-12-30T00:00:00,2022-12-30T11:00:43,2022-12-30T11:05:13,11,4.5002,4.5002,0.0,1–5 min
downtime_1212,20221230,2022-12-30T00:00:00,2022-12-30T11:05:58,2022-12-30T11:07:28,11,1.5000166666666668,1.5000166666666668,0.0,1–5 min
downtime_1213,20221230,2022-12-30T00:00:00,2022-12-30T11:10:13,2022-12-30T11:11:13,11,1.00005,1.00005,0.0,1–5 min
downtime_1214,20221230,2022-12-30T00:00:00,2022-12-30T11:31:58,2022-12-30T11:34:43,11,2.74955,2.74955,0.0,1–5 min
downtime_1215,20221230,2022-12-30T00:00:00,2022-12-30T11:53:58,2022-12-30T11:57:58,11,4.000133333333333,4.000133333333333,0.0,1–5 min
downtime_1216,20221230,2022-12-30T00:00:00,2022-12-30T12:00:58,2022-12-30T13:59:11,12,118.2175,118.2175,0.0,60+ min
downtime_1217,20221230,2022-12-30T00:00:00,2022-12-30T14:02:41,2022-12-30T14:04:56,14,2.2506,2.2506,0.0,1–5 min
downtime_1218,20221230,2022-12-30T00:00:00,2022-12-30T14:05:56,2022-12-30T14:22:41,14,16.750833333333333,16.750833333333333,0.0,15–60 min
downtime_1219,20221230,2022-12-30T00:00:00,2022-12-30T14:33:27,2022-12-30T14:37:27,14,4.0011,4.0011,0.0,1–5 min
downtime_1220,20221230,2022-12-30T00:00:00,2022-12-30T14:42:42,2022-12-30T14:43:57,14,1.25015,1.25015,0.0,1–5 min
downtime_1221,20221230,2022-12-30T00:00:00,2022-12-30T15:12:12,2022-12-30T15:13:12,15,0.9999833333333333,0.9999833333333333,0.0,<1 min
downtime_1222,20221230,2022-12-30T00:00:00,2022-12-30T15:30:57,2022-12-30T15:39:57,15,9.000183333333332,9.000183333333332,0.0,5–15 min
downtime_1223,20221230,2022-12-30T00:00:00,2022-12-30T15:44:12,2022-12-30T15:45:42,15,1.5005333333333333,1.5005333333333333,0.0,1–5 min
downtime_1224,20221230,2022-12-30T00:00:00,2022-12-30T15:53:12,2022-12-30T15:57:42,15,4.500133333333333,4.500133333333333,0.0,1–5 min
downtime_1225,20221230,2022-12-30T00:00:00,2022-12-30T16:05:42,2022-12-30T16:13:27,16,7.75075,7.75075,0.0,5–15 min
downtime_1226,20221230,2022-12-30T00:00:00,2022-12-30T16:20:12,2022-12-30T16:28:42,16,8.5004,8.5004,0.0,5–15 min
downtime_1227,20230102,2023-01-02T00:00:00,2023-01-02T17:15:26,2023-01-02T17:16:26,17,0.9998833333333333,0.9998833333333333,0.0,<1 min
downtime_1228,20230102,2023-01-02T00:00:00,2023-01-02T17:19:41,2023-01-02T17:21:26,17,1.7500333333333333,1.7500333333333333,0.0,1–5 min
downtime_1229,20230102,2023-01-02T00:00:00,2023-01-02T17:22:41,2023-01-02T17:25:56,17,3.251,3.251,0.0,1–5 min
downtime_1230,20230102,2023-01-02T00:00:00,2023-01-02T17:30:11,2023-01-02T17:32:11,17,1.9995166666666668,1.9995166666666668,0.0,1–5 min
downtime_1231,20230102,2023-01-02T00:00:00,2023-01-02T17:33:26,2023-01-02T17:36:41,17,3.25025,3.25025,0.0,1–5 min
downtime_1232,20230102,2023-01-02T00:00:00,2023-01-02T17:39:11,2023-01-02T17:44:11,17,5.000299999999999,5.000299999999999,0.0,5–15 min
downtime_1233,20230102,2023-01-02T00:00:00,2023-01-02T17:50:11,2023-01-02T17:52:26,17,2.2501499999999997,2.2501499999999997,0.0,1–5 min
downtime_1234,20230102,2023-01-02T00:00:00,2023-01-02T17:53:56,2023-01-02T17:57:56,17,3.99975,3.99975,0.0,1–5 min
downtime_1235,20230102,2023-01-02T00:00:00,2023-01-02T17:59:11,2023-01-02T18:02:11,17,3.0002333333333335,3.0002333333333335,0.0,1–5 min
downtime_1236,20230111,2023-01-11T00:00:00,2023-01-11T15:27:04,2023-01-11T15:28:19,15,1.2500666666666667,1.2500666666666667,0.0,1–5 min
downtime_1237,20230111,2023-01-11T00:00:00,2023-01-11T15:35:49,2023-01-11T15:37:04,15,1.2500666666666667,1.2500666666666667,0.0,1–5 min
downtime_1238,20230111,2023-01-11T00:00:00,2023-01-11T15:39:49,2023-01-11T15:42:04,15,2.2501666666666664,2.2501666666666664,0.0,1–5 min
downtime_1239,20230111,2023-01-11T00:00:00,2023-01-11T15:45:49,2023-01-11T15:47:34,15,1.7501333333333333,1.7501333333333333,0.0,1–5 min
downtime_1240,20230111,2023-01-11T00:00:00,2023-01-11T15:51:05,2023-01-11T15:53:34,15,2.4964999999999997,2.4964999999999997,0.0,1–5 min
downtime_1241,20230111,2023-01-11T00:00:00,2023-01-11T15:56:04,2023-01-11T16:02:19,15,6.250233333333333,6.250233333333333,0.0,5–15 min
downtime_1242,20230111,2023-01-11T00:00:00,2023-01-11T16:04:19,2023-01-11T16:08:04,16,3.750183333333333,3.750183333333333,0.0,1–5 min
downtime_1243,20230111,2023-01-11T00:00:00,2023-01-11T16:19:19,2023-01-11T16:20:34,16,1.24995,1.24995,0.0,1–5 min
downtime_1244,20230111,2023-01-11T00:00:00,2023-01-11T16:30:34,2023-01-11T16:32:05,16,1.5005833333333334,1.5005833333333334,0.0,1–5 min
downtime_1245,20230111,2023-01-11T00:00:00,2023-01-11T16:32:49,2023-01-11T16:33:49,16,0.9999666666666667,0.9999666666666667,0.0,<1 min
downtime_1246,20230111,2023-01-11T00:00:00,2023-01-11T17:10:50,2023-01-11T17:15:20,17,4.499916666666667,4.499916666666667,0.0,1–5 min
downtime_1247,20230111,2023-01-11T00:00:00,2023-01-11T17:25:50,2023-01-11T17:26:50,17,0.9995499999999999,0.9995499999999999,0.0,<1 min
downtime_1266,20230116,2023-01-16T00:00:00,2023-01-16T12:03:05,2023-01-16T12:04:05,12,1.0003666666666666,1.0003666666666666,0.0,1–5 min
downtime_1267,20230116,2023-01-16T00:00:00,2023-01-16T12:04:50,2023-01-16T12:08:20,12,3.50005,3.50005,0.0,1–5 min
downtime_1268,20230116,2023-01-16T00:00:00,2023-01-16T12:09:35,2023-01-16T12:11:20,12,1.75005,1.75005,0.0,1–5 min
downtime_1269,20230116,2023-01-16T00:00:00,2023-01-16T12:15:35,2023-01-16T12:17:50,12,2.2503,2.2503,0.0,1–5 min
downtime_1270,20230116,2023-01-16T00:00:00,2023-01-16T12:25:50,2023-01-16T12:27:35,12,1.7498666666666667,1.7498666666666667,0.0,1–5 min
downtime_1271,20230116,2023-01-16T00:00:00,2023-01-16T12:45:05,2023-01-16T14:47:36,12,122.50585,122.50585,0.0,60+ min
downtime_1272,20230116,2023-01-16T00:00:00,2023-01-16T14:52:51,2023-01-16T14:53:51,14,1.00015,1.00015,0.0,1–5 min
downtime_1273,20230116,2023-01-16T00:00:00,2023-01-16T14:58:51,2023-01-16T15:00:21,14,1.5001,1.5001,0.0,1–5 min
downtime_1274,20230116,2023-01-16T00:00:00,2023-01-16T15:03:36,2023-01-16T15:05:51,15,2.2501499999999997,2.2501499999999997,0.0,1–5 min
downtime_1275,20230116,2023-01-16T00:00:00,2023-01-16T15:09:51,2023-01-16T15:13:51,15,4.000166666666667,4.000166666666667,0.0,1–5 min
downtime_1276,20230116,2023-01-16T00:00:00,2023-01-16T15:19:06,2023-01-16T15:27:06,15,8.000316666666667,8.000316666666667,0.0,5–15 min
downtime_1277,20230116,2023-01-16T00:00:00,2023-01-16T15:38:06,2023-01-16T15:39:36,15,1.4997666666666667,1.4997666666666667,0.0,1–5 min
downtime_1278,20230116,2023-01-16T00:00:00,2023-01-16T15:47:21,2023-01-16T15:49:21,15,2.0000666666666667,2.0000666666666667,0.0,1–5 min
downtime_1279,20230116,2023-01-16T00:00:00,2023-01-16T15:59:06,2023-01-16T16:02:06,15,3.0001499999999997,3.0001499999999997,0.0,1–5 min
downtime_1280,20230116,2023-01-16T00:00:00,2023-01-16T16:13:36,2023-01-16T16:17:06,16,3.5001166666666665,3.5001166666666665,0.0,1–5 min
downtime_1281,20230116,2023-01-16T00:00:00,2023-01-16T16:30:51,2023-01-16T16:40:06,16,9.251016666666667,9.251016666666667,0.0,5–15 min
downtime_1282,20230116,2023-01-16T00:00:00,2023-01-16T16:46:36,2023-01-16T16:51:36,16,5.0000333333333336,5.0000333333333336,0.0,5–15 min
downtime_1283,20230116,2023-01-16T00:00:00,2023-01-16T17:01:36,2023-01-16T17:40:21,17,38.751866666666665,38.751866666666665,0.0,15–60 min
downtime_1284,20230116,2023-01-16T00:00:00,2023-01-16T17:47:06,2023-01-16T17:48:51,17,1.7500333333333333,1.7500333333333333,0.0,1–5 min
downtime_1285,20230116,2023-01-16T00:00:00,2023-01-16T17:53:06,2023-01-16T17:56:06,17,3.0,3.0,0.0,1–5 min
downtime_1286,20230116,2023-01-16T00:00:00,2023-01-16T18:00:51,2023-01-16T18:02:51,18,2.0000833333333334,2.0000833333333334,0.0,1–5 min
downtime_1287,20230119,2023-01-19T00:00:00,2023-01-19T15:23:13,2023-01-19T15:25:13,15,1.9995,1.9995,0.0,1–5 min
downtime_1288,20230119,2023-01-19T00:00:00,2023-01-19T16:10:58,2023-01-19T16:21:43,16,10.750516666666666,10.750516666666666,0.0,5–15 min
downtime_1289,20230119,2023-01-19T00:00:00,2023-01-19T16:26:43,2023-01-19T16:28:13,16,1.5024000000000002,1.5024000000000002,0.0,1–5 min
downtime_1290,20230119,2023-01-19T00:00:00,2023-01-19T16:33:28,2023-01-19T16:40:13,16,6.750216666666666,6.750216666666666,0.0,5–15 min
downtime_1291,20230119,2023-01-19T00:00:00,2023-01-19T16:51:43,2023-01-19T17:01:28,16,9.749833333333333,9.749833333333333,0.0,5–15 min
downtime_1292,20230119,2023-01-19T00:00:00,2023-01-19T17:09:43,2023-01-19T17:10:58,17,1.2505833333333334,1.2505833333333334,0.0,1–5 min
downtime_1293,20230119,2023-01-19T00:00:00,2023-01-19T17:11:43,2023-01-19T17:13:13,17,1.5001,1.5001,0.0,1–5 min
downtime_1294,20230119,2023-01-19T00:00:00,2023-01-19T17:14:13,2023-01-19T17:17:43,17,3.4999166666666666,3.4999166666666666,0.0,1–5 min
downtime_1295,20230120,2023-01-20T00:00:00,2023-01-20T15:56:39,2023-01-20T15:59:54,15,3.2502333333333335,3.2502333333333335,0.0,1–5 min
downtime_1296,20230120,2023-01-20T00:00:00,2023-01-20T16:01:24,2023-01-20T16:03:09,16,1.7501333333333333,1.7501333333333333,0.0,1–5 min
downtime_1297,20230120,2023-01-20T00:00:00,2023-01-20T16:04:24,2023-01-20T16:08:09,16,3.7501666666666664,3.7501666666666664,0.0,1–5 min
downtime_1298,20230120,2023-01-20T00:00:00,2023-01-20T16:10:54,2023-01-20T16:14:24,16,3.5002333333333335,3.5002333333333335,0.0,1–5 min
downtime_1299,20230120,2023-01-20T00:00:00,2023-01-20T16:17:54,2023-01-20T16:19:09,16,1.2506333333333333,1.2506333333333333,0.0,1–5 min
downtime_1300,20230120,2023-01-20T00:00:00,2023-01-20T16:20:24,2023-01-20T16:24:09,16,3.7501333333333333,3.7501333333333333,0.0,1–5 min
downtime_1301,20230120,2023-01-20T00:00:00,2023-01-20T16:28:09,2023-01-20T16:32:09,16,4.000216666666667,4.000216666666667,0.0,1–5 min
downtime_1302,20230120,2023-01-20T00:00:00,2023-01-20T16:37:09,2023-01-20T16:38:09,16,0.99925,0.99925,0.0,<1 min
downtime_1303,20230120,2023-01-20T00:00:00,2023-01-20T16:39:39,2023-01-20T16:40:54,16,1.2499666666666667,1.2499666666666667,0.0,1–5 min
downtime_1304,20230120,2023-01-20T00:00:00,2023-01-20T16:49:54,2023-01-20T17:29:39,16,39.7555,39.7555,0.0,15–60 min
downtime_1305,20230120,2023-01-20T00:00:00,2023-01-20T17:41:24,2023-01-20T17:42:39,17,1.24985,1.24985,0.0,1–5 min
downtime_1306,20230120,2023-01-20T00:00:00,2023-01-20T17:44:54,2023-01-20T17:46:54,17,2.0000833333333334,2.0000833333333334,0.0,1–5 min
downtime_1307,20230120,2023-01-20T00:00:00,2023-01-20T17:48:54,2023-01-20T17:53:39,17,4.750216666666666,4.750216666666666,0.0,1–5 min
downtime_1308,20230120,2023-01-20T00:00:00,2023-01-20T18:01:39,2023-01-20T18:04:54,18,3.2501166666666665,3.2501166666666665,0.0,1–5 min
downtime_1309,20230120,2023-01-20T00:00:00,2023-01-20T18:47:24,2023-01-20T18:48:39,18,1.2496833333333333,1.2496833333333333,0.0,1–5 min
downtime_1310,20230124,2023-01-24T00:00:00,2023-01-24T15:26:13,2023-01-24T15:27:58,15,1.7498666666666667,1.7498666666666667,0.0,1–5 min
downtime_1311,20230124,2023-01-24T00:00:00,2023-01-24T15:34:28,2023-01-24T15:38:28,15,4.000183333333333,4.000183333333333,0.0,1–5 min
downtime_1312,20230124,2023-01-24T00:00:00,2023-01-24T15:40:13,2023-01-24T15:41:43,15,1.5001666666666666,1.5001666666666666,0.0,1–5 min
downtime_1313,20230124,2023-01-24T00:00:00,2023-01-24T15:48:13,2023-01-24T15:51:13,15,3.0001666666666664,3.0001666666666664,0.0,1–5 min
downtime_1314,20230124,2023-01-24T00:00:00,2023-01-24T15:52:13,2023-01-24T15:57:13,15,5.000216666666666,5.000216666666666,0.0,5–15 min
downtime_1315,20230124,2023-01-24T00:00:00,2023-01-24T16:02:13,2023-01-24T16:03:43,16,1.5000833333333332,1.5000833333333332,0.0,1–5 min
downtime_1316,20230124,2023-01-24T00:00:00,2023-01-24T16:16:28,2023-01-24T16:17:28,16,0.9996166666666666,0.9996166666666666,0.0,<1 min
downtime_1317,20230124,2023-01-24T00:00:00,2023-01-24T16:21:13,2023-01-24T16:22:13,16,0.99665,0.99665,0.0,<1 min
downtime_1318,20230124,2023-01-24T00:00:00,2023-01-24T16:22:58,2023-01-24T16:24:58,16,2.0001,2.0001,0.0,1–5 min
downtime_1319,20230127,2023-01-27T00:00:00,2023-01-27T11:08:02,2023-01-27T11:11:47,11,3.7498500000000003,3.7498500000000003,0.0,1–5 min
downtime_1320,20230127,2023-01-27T00:00:00,2023-01-27T11:26:17,2023-01-27T11:27:47,11,1.5003666666666668,1.5003666666666668,0.0,1–5 min
downtime_1321,20230127,2023-01-27T00:00:00,2023-01-27T11:33:32,2023-01-27T11:34:32,11,0.99995,0.99995,0.0,<1 min
downtime_1322,20230127,2023-01-27T00:00:00,2023-01-27T11:45:17,2023-01-27T11:46:32,11,1.2500833333333332,1.2500833333333332,0.0,1–5 min
downtime_1323,20230127,2023-01-27T00:00:00,2023-01-27T11:47:47,2023-01-27T11:48:47,11,0.9998166666666666,0.9998166666666666,0.0,<1 min
downtime_1324,20230127,2023-01-27T00:00:00,2023-01-27T11:50:02,2023-01-27T11:51:47,11,1.7502333333333333,1.7502333333333333,0.0,1–5 min
downtime_1325,20230127,2023-01-27T00:00:00,2023-01-27T11:56:47,2023-01-27T12:00:02,11,3.250183333333333,3.250183333333333,0.0,1–5 min
downtime_1326,20230127,2023-01-27T00:00:00,2023-01-27T12:03:32,2023-01-27T12:22:59,12,19.4412,19.4412,0.0,15–60 min
downtime_1327,20230127,2023-01-27T00:00:00,2023-01-27T12:32:29,2023-01-27T14:08:22,12,95.88545,95.88545,0.0,60+ min
downtime_1328,20230127,2023-01-27T00:00:00,2023-01-27T14:10:22,2023-01-27T14:12:07,14,1.7500166666666668,1.7500166666666668,0.0,1–5 min
downtime_1329,20230127,2023-01-27T00:00:00,2023-01-27T14:13:22,2023-01-27T14:20:37,14,7.245633333333333,7.245633333333333,0.0,5–15 min
downtime_1330,20230127,2023-01-27T00:00:00,2023-01-27T14:28:52,2023-01-27T14:31:22,14,2.5000333333333336,2.5000333333333336,0.0,1–5 min
downtime_1331,20230127,2023-01-27T00:00:00,2023-01-27T14:51:07,2023-01-27T14:57:52,14,6.750116666666667,6.750116666666667,0.0,5–15 min
downtime_1332,20230127,2023-01-27T00:00:00,2023-01-27T15:10:52,2023-01-27T15:13:37,15,2.7497,2.7497,0.0,1–5 min
downtime_1333,20230127,2023-01-27T00:00:00,2023-01-27T15:19:22,2023-01-27T15:32:37,15,13.250616666666668,13.250616666666668,0.0,5–15 min
downtime_1334,20230127,2023-01-27T00:00:00,2023-01-27T15:49:37,2023-01-27T15:58:22,15,8.750416666666666,8.750416666666666,0.0,5–15 min
downtime_1335,20230131,2023-01-31T00:00:00,2023-01-31T13:39:15,2023-01-31T13:42:30,13,3.2502166666666668,3.2502166666666668,0.0,1–5 min
downtime_1336,20230131,2023-01-31T00:00:00,2023-01-31T13:50:00,2023-01-31T13:51:45,13,1.7501333333333333,1.7501333333333333,0.0,1–5 min
downtime_1337,20230131,2023-01-31T00:00:00,2023-01-31T13:55:30,2023-01-31T13:56:45,13,1.2500333333333333,1.2500333333333333,0.0,1–5 min
downtime_1338,20230131,2023-01-31T00:00:00,2023-01-31T13:57:30,2023-01-31T13:59:30,13,2.00025,2.00025,0.0,1–5 min
downtime_1339,20230131,2023-01-31T00:00:00,2023-01-31T14:04:30,2023-01-31T14:17:45,14,13.247216666666667,13.247216666666667,0.0,5–15 min
downtime_1340,20230131,2023-01-31T00:00:00,2023-01-31T14:24:00,2023-01-31T14:25:15,14,1.2481833333333334,1.2481833333333334,0.0,1–5 min
downtime_1341,20230131,2023-01-31T00:00:00,2023-01-31T14:39:30,2023-01-31T14:41:00,14,1.5001333333333333,1.5001333333333333,0.0,1–5 min
downtime_1342,20230131,2023-01-31T00:00:00,2023-01-31T15:02:00,2023-01-31T15:06:15,15,4.2511833333333335,4.2511833333333335,0.0,1–5 min
downtime_1343,20230131,2023-01-31T00:00:00,2023-01-31T15:07:30,2023-01-31T15:09:00,15,1.5001,1.5001,0.0,1–5 min
downtime_1344,20230131,2023-01-31T00:00:00,2023-01-31T15:10:30,2023-01-31T15:17:00,15,6.500016666666666,6.500016666666666,0.0,5–15 min
downtime_1345,20230131,2023-01-31T00:00:00,2023-01-31T15:25:30,2023-01-31T15:43:15,15,17.751666666666665,17.751666666666665,0.0,15–60 min
downtime_1346,20230131,2023-01-31T00:00:00,2023-01-31T15:52:45,2023-01-31T15:54:15,15,1.4993,1.4993,0.0,1–5 min
downtime_1347,20230131,2023-01-31T00:00:00,2023-01-31T16:08:30,2023-01-31T16:12:15,16,3.750183333333333,3.750183333333333,0.0,1–5 min
downtime_1348,20230131,2023-01-31T00:00:00,2023-01-31T16:22:00,2023-01-31T16:23:15,16,1.2504666666666668,1.2504666666666668,0.0,1–5 min
downtime_1349,20230131,2023-01-31T00:00:00,2023-01-31T16:25:15,2023-01-31T16:30:30,16,5.250266666666667,5.250266666666667,0.0,5–15 min
downtime_1350,20230131,2023-01-31T00:00:00,2023-01-31T16:35:45,2023-01-31T16:38:00,16,2.2501166666666665,2.2501166666666665,0.0,1–5 min
downtime_1351,20230131,2023-01-31T00:00:00,2023-01-31T16:39:00,2023-01-31T16:40:00,16,1.0,1.0,0.0,1–5 min
downtime_1352,20230131,2023-01-31T00:00:00,2023-01-31T16:41:00,2023-01-31T16:42:15,16,1.2501166666666668,1.2501166666666668,0.0,1–5 min
downtime_1353,20230131,2023-01-31T00:00:00,2023-01-31T16:44:00,2023-01-31T16:46:15,16,2.2504833333333334,2.2504833333333334,0.0,1–5 min
downtime_1354,20230207,2023-02-07T00:00:00,2023-02-07T13:41:00,2023-02-07T13:42:00,13,1.0001666666666666,1.0001666666666666,0.0,1–5 min
downtime_1355,20230207,2023-02-07T00:00:00,2023-02-07T13:44:00,2023-02-07T13:58:01,13,14.003233333333332,14.003233333333332,0.0,5–15 min
downtime_1356,20230207,2023-02-07T00:00:00,2023-02-07T13:59:30,2023-02-07T14:08:00,13,8.499916666666667,8.499916666666667,0.0,5–15 min
downtime_1357,20230207,2023-02-07T00:00:00,2023-02-07T14:08:45,2023-02-07T14:10:00,14,1.2494,1.2494,0.0,1–5 min
downtime_1358,20230207,2023-02-07T00:00:00,2023-02-07T14:12:00,2023-02-07T14:15:45,14,3.7501333333333333,3.7501333333333333,0.0,1–5 min
downtime_1359,20230207,2023-02-07T00:00:00,2023-02-07T14:19:00,2023-02-07T14:21:46,14,2.7515833333333335,2.7515833333333335,0.0,1–5 min
downtime_1360,20230207,2023-02-07T00:00:00,2023-02-07T14:26:00,2023-02-07T14:30:15,14,4.2504,4.2504,0.0,1–5 min
downtime_1361,20230207,2023-02-07T00:00:00,2023-02-07T14:34:15,2023-02-07T14:35:30,14,1.2500333333333333,1.2500333333333333,0.0,1–5 min
downtime_1362,20230207,2023-02-07T00:00:00,2023-02-07T14:37:00,2023-02-07T14:38:15,14,1.24975,1.24975,0.0,1–5 min
downtime_1363,20230207,2023-02-07T00:00:00,2023-02-07T14:40:15,2023-02-07T14:41:16,14,1.0004166666666667,1.0004166666666667,0.0,1–5 min
downtime_1364,20230207,2023-02-07T00:00:00,2023-02-07T14:45:15,2023-02-07T14:47:16,14,2.0012333333333334,2.0012333333333334,0.0,1–5 min
downtime_1365,20230207,2023-02-07T00:00:00,2023-02-07T14:49:00,2023-02-07T14:53:16,14,4.250249999999999,4.250249999999999,0.0,1–5 min
downtime_1366,20230207,2023-02-07T00:00:00,2023-02-07T14:55:46,2023-02-07T14:58:01,14,2.250316666666667,2.250316666666667,0.0,1–5 min
downtime_1367,20230207,2023-02-07T00:00:00,2023-02-07T15:00:46,2023-02-07T15:11:01,15,10.251333333333333,10.251333333333333,0.0,5–15 min
downtime_1368,20230207,2023-02-07T00:00:00,2023-02-07T16:00:46,2023-02-07T16:05:16,16,4.499183333333334,4.499183333333334,0.0,1–5 min
downtime_1369,20230207,2023-02-07T00:00:00,2023-02-07T16:07:01,2023-02-07T16:08:46,16,1.7501666666666666,1.7501666666666666,0.0,1–5 min
downtime_1370,20230207,2023-02-07T00:00:00,2023-02-07T16:10:31,2023-02-07T16:12:16,16,1.7512166666666666,1.7512166666666666,0.0,1–5 min
downtime_1371,20230207,2023-02-07T00:00:00,2023-02-07T16:15:16,2023-02-07T16:19:01,16,3.7500166666666668,3.7500166666666668,0.0,1–5 min
downtime_1372,20230210,2023-02-10T00:00:00,2023-02-10T10:50:46,2023-02-10T11:00:01,10,9.250533333333333,9.250533333333333,0.0,5–15 min
downtime_1373,20230210,2023-02-10T00:00:00,2023-02-10T11:11:46,2023-02-10T11:15:16,11,3.5002,3.5002,0.0,1–5 min
downtime_1374,20230210,2023-02-10T00:00:00,2023-02-10T11:20:31,2023-02-10T11:30:31,11,10.0004,10.0004,0.0,5–15 min
downtime_1375,20230210,2023-02-10T00:00:00,2023-02-10T11:36:01,2023-02-10T11:38:01,11,2.000233333333333,2.000233333333333,0.0,1–5 min
downtime_1376,20230210,2023-02-10T00:00:00,2023-02-10T11:40:16,2023-02-10T11:43:16,11,3.0002166666666668,3.0002166666666668,0.0,1–5 min
downtime_1377,20230210,2023-02-10T00:00:00,2023-02-10T11:44:01,2023-02-10T11:48:16,11,4.250166666666667,4.250166666666667,0.0,1–5 min
downtime_1378,20230210,2023-02-10T00:00:00,2023-02-10T11:49:16,2023-02-10T11:50:46,11,1.4999166666666668,1.4999166666666668,0.0,1–5 min
downtime_1379,20230210,2023-02-10T00:00:00,2023-02-10T11:51:46,2023-02-10T13:35:46,11,104.00481666666666,104.00481666666666,0.0,60+ min
downtime_1380,20230210,2023-02-10T00:00:00,2023-02-10T13:40:46,2023-02-10T13:43:01,13,2.2507666666666664,2.2507666666666664,0.0,1–5 min
downtime_1381,20230210,2023-02-10T00:00:00,2023-02-10T13:47:46,2023-02-10T13:50:01,13,2.246166666666667,2.246166666666667,0.0,1–5 min
downtime_1382,20230210,2023-02-10T00:00:00,2023-02-10T13:54:31,2023-02-10T13:58:01,13,3.50025,3.50025,0.0,1–5 min
downtime_1383,20230210,2023-02-10T00:00:00,2023-02-10T14:02:46,2023-02-10T14:15:16,14,12.50055,12.50055,0.0,5–15 min
downtime_1384,20230210,2023-02-10T00:00:00,2023-02-10T14:29:01,2023-02-10T14:35:46,14,6.750683333333333,6.750683333333333,0.0,5–15 min
downtime_1385,20230210,2023-02-10T00:00:00,2023-02-10T14:47:31,2023-02-10T14:50:31,14,3.000183333333333,3.000183333333333,0.0,1–5 min
downtime_1386,20230210,2023-02-10T00:00:00,2023-02-10T14:55:16,2023-02-10T14:57:16,14,2.0000666666666667,2.0000666666666667,0.0,1–5 min
downtime_1387,20230210,2023-02-10T00:00:00,2023-02-10T15:04:01,2023-02-10T15:06:31,15,2.498283333333333,2.498283333333333,0.0,1–5 min
downtime_1388,20230210,2023-02-10T00:00:00,2023-02-10T15:20:46,2023-02-10T15:22:46,15,2.000183333333333,2.000183333333333,0.0,1–5 min
